0,0,1,9,4,0,68,89,42,80,Virgo
1,0,1,9,12,1,92,83,24,50,Virgo
2,1,1,1,14,2,26,59,52,31,Capricornus
3,0,1,2,7,3,88,60,71,14,Aquarius
4,1,1,9,26,4,93,52,39,90,Virgo
5,0,1,3,26,5,29,58,84,15,Aries
6,0,1,7,10,6,62,44,90,39,Cancer
7,0,1,2,1,7,66,56,30,75,Aquarius
8,0,1,3,19,8,6,33,54,69,Pisces
9,1,1,3,25,9,37,52,33,64,Aries
10,0,1,8,4,10,29,15,1,11,Leo
11,1,1,8,4,11,95,72,24,8,Leo
12,0,1,12,5,12,4,38,33,19,Sagittarius
13,1,1,9,8,13,52,37,61,75,Virgo
14,1,1,5,23,14,51,80,38,48,Taurus
15,1,1,5,29,15,93,1,41,32,Gemini
16,0,1,9,26,16,94,65,44,80,Virgo
17,1,1,5,22,17,54,21,49,16,Taurus
18,1,1,4,29,18,21,7,43,93,Taurus
19,0,1,7,2,19,13,14,16,37,Cancer
20,1,1,2,5,20,76,93,42,77,Aquarius
21,0,1,7,17,21,77,4,36,45,Leo
22,0,1,9,28,22,99,61,13,38,Virgo
23,1,1,3,21,23,89,27,12,18,Pisces
24,1,1,1,22,24,65,27,47,77,Aquarius
25,1,1,11,3,25,87,82,79,77,Scorpius
26,1,1,4,26,26,10,26,87,47,Taurus
27,0,1,10,16,27,86,11,12,87,Libra
28,1,1,6,29,28,35,49,5,75,Cancer
29,0,1,4,8,29,41,78,41,33,Aries
30,1,1,9,14,30,89,99,23,64,Virgo
31,0,1,1,21,31,97,13,28,68,Aquarius
32,0,1,10,15,32,94,21,71,25,Libra
33,1,1,11,27,33,46,66,30,23,Sagittarius
34,1,1,8,12,34,84,36,53,39,Leo
35,0,1,12,11,35,90,54,97,45,Sagittarius
36,0,1,7,10,36,86,82,93,8,Cancer
37,0,1,7,4,37,25,47,85,50,Cancer
38,1,1,4,6,38,79,25,96,50,Aries
39,1,1,9,9,39,67,97,68,61,Virgo
40,0,1,10,31,40,76,20,76,99,Scorpius
41,1,1,6,20,41,52,82,99,96,Gemini
42,0,1,11,26,42,79,26,23,19,Sagittarius
43,0,1,11,9,43,75,16,71,15,Ophiuchus
44,0,1,4,27,44,10,59,38,94,Taurus
45,0,1,12,23,45,100,81,97,16,Sagittarius
46,0,1,8,27,46,91,22,58,92,Virgo
47,1,1,8,20,47,93,76,97,97,Leo
48,1,1,1,5,48,43,72,28,29,Capricornus
49,0,1,2,16,49,15,3,66,69,Pisces
50,0,1,8,25,50,16,35,43,32,Virgo
51,1,1,11,5,51,57,10,71,21,Ophiuchus
52,1,1,3,28,52,31,12,58,15,Aries
53,1,1,9,19,53,67,75,37,4,Virgo
54,1,1,7,29,54,21,90,15,45,Leo
55,0,1,7,3,55,78,60,50,17,Cancer
56,1,1,10,7,56,92,71,57,79,Libra
57,0,1,7,29,57,73,36,59,57,Leo
58,0,1,4,13,58,15,93,62,100,Aries
59,0,1,6,15,59,39,6,11,24,Gemini
60,1,1,11,14,60,41,15,83,38,Ophiuchus
61,0,1,4,2,61,47,57,50,90,Aries
62,0,1,9,9,62,90,67,81,37,Virgo
63,1,1,2,10,63,28,47,17,12,Aquarius
64,0,1,7,31,64,79,87,32,47,Leo
65,0,1,9,10,65,86,41,97,18,Virgo
66,0,1,2,15,66,22,97,83,60,Pisces
67,0,1,9,14,67,79,87,2,56,Virgo
68,0,1,10,24,68,32,93,31,23,Libra
69,0,1,6,6,69,25,96,88,21,Gemini
70,1,1,4,15,70,17,63,20,91,Aries
71,0,1,12,18,71,54,5,91,15,Sagittarius
72,0,1,12,8,72,78,62,74,47,Sagittarius
73,1,1,3,19,73,6,47,39,10,Pisces
74,0,1,12,27,74,28,1,62,18,Capricornus
75,0,1,1,14,75,52,43,61,84,Capricornus
76,0,1,3,30,76,31,73,99,23,Aries
77,0,1,5,13,77,50,43,85,92,Taurus
78,1,1,6,20,78,62,52,86,15,Gemini
79,1,1,6,15,79,53,70,25,72,Gemini
80,0,1,7,2,80,55,13,67,71,Cancer
81,1,1,7,23,81,83,29,43,17,Leo
82,0,1,1,19,82,34,43,46,98,Capricornus
83,0,1,8,27,83,90,32,10,20,Virgo
84,1,1,7,2,84,67,48,12,31,Cancer
85,0,1,1,25,85,11,46,26,69,Aquarius
86,1,1,2,19,86,18,96,84,67,Pisces
87,0,1,4,20,87,31,19,41,62,Taurus
88,0,1,10,26,88,43,81,99,47,Libra
89,1,1,10,8,89,99,47,11,91,Libra
90,0,1,7,7,90,51,62,35,44,Cancer
91,1,1,3,14,91,53,1,16,75,Pisces
92,1,1,12,24,92,54,23,77,36,Sagittarius
93,1,1,10,3,93,11,19,76,7,Virgo
94,0,1,10,5,94,3,6,52,5,Virgo
95,0,1,2,14,95,7,31,26,13,Aquarius
96,1,1,12,16,96,28,88,24,73,Sagittarius
97,1,1,7,4,97,35,22,94,90,Cancer
98,1,1,8,13,98,53,75,8,83,Leo
99,1,1,4,7,99,36,23,32,71,Aries
100,1,1,12,3,100,83,73,1,26,Sagittarius
101,1,1,6,9,101,71,15,21,27,Gemini
102,1,1,11,6,102,34,60,70,24,Ophiuchus
103,0,1,2,18,103,79,62,21,85,Pisces
104,0,1,3,4,104,29,42,74,88,Pisces
105,0,1,6,16,105,85,82,100,23,Gemini
106,1,1,7,28,106,12,35,26,16,Leo
107,0,1,11,4,107,92,95,87,33,Ophiuchus
108,1,1,12,3,108,65,63,56,9,Sagittarius
109,1,1,11,30,109,4,76,1,40,Sagittarius
110,0,1,8,13,110,95,20,58,60,Leo
111,0,1,6,9,111,65,79,98,68,Gemini
112,1,1,9,17,112,82,84,66,10,Virgo
113,1,1,8,2,113,68,85,62,86,Leo
114,1,1,2,25,114,84,84,93,71,Pisces
115,1,1,2,17,115,44,58,32,39,Pisces
116,1,1,10,18,116,13,97,11,10,Libra
117,0,1,3,2,117,8,16,50,91,Pisces
118,1,1,1,8,118,78,84,50,49,Capricornus
119,0,1,12,7,119,25,94,12,7,Sagittarius
120,1,1,12,31,120,13,39,4,8,Capricornus
121,0,1,4,14,121,41,41,2,5,Aries
122,1,1,8,8,122,12,13,47,71,Leo
123,0,1,5,27,123,53,50,32,75,Gemini
124,0,1,10,19,124,79,12,34,45,Libra
125,0,1,8,5,125,78,33,32,34,Leo
126,0,1,8,28,126,41,43,5,23,Virgo
127,1,1,1,12,127,38,58,61,70,Capricornus
128,1,1,9,12,128,78,45,38,10,Virgo
129,0,1,3,28,129,25,40,15,78,Aries
130,1,1,2,19,130,43,6,54,96,Pisces
131,1,1,11,1,131,20,85,73,66,Scorpius
132,1,1,2,6,132,48,51,78,81,Aquarius
133,0,1,10,8,133,40,37,80,63,Libra
134,1,1,7,29,134,68,47,35,28,Leo
135,1,1,3,11,135,77,82,97,59,Pisces
136,0,1,6,30,136,69,81,87,52,Cancer
137,1,1,1,30,137,86,65,13,33,Aquarius
138,1,1,6,12,138,4,92,18,24,Gemini
139,0,1,8,7,139,10,61,42,4,Leo
140,1,1,5,2,140,57,46,48,4,Taurus
141,1,1,11,8,141,98,44,72,91,Ophiuchus
142,0,1,3,20,142,58,96,37,98,Pisces
143,0,1,8,10,143,5,51,68,19,Leo
144,0,1,6,9,144,37,21,33,26,Gemini
145,0,1,1,24,145,11,4,71,57,Aquarius
146,0,1,8,29,146,12,71,43,25,Virgo
147,1,1,8,27,147,88,29,75,70,Virgo
148,1,1,7,12,148,23,43,97,98,Cancer
149,0,1,1,24,149,21,40,56,50,Aquarius
150,1,1,7,28,150,61,21,10,27,Leo
151,0,1,4,13,151,72,28,43,63,Aries
152,0,1,12,15,152,21,97,1,13,Sagittarius
153,0,1,10,22,153,54,58,70,10,Libra
154,1,1,4,15,154,54,55,100,62,Aries
155,1,1,2,8,155,91,30,41,11,Aquarius
156,1,1,9,27,156,25,63,58,24,Virgo
157,1,1,10,13,157,15,94,36,23,Libra
158,0,1,9,17,158,86,59,22,66,Virgo
159,0,1,11,25,159,4,88,55,84,Sagittarius
160,0,1,12,25,160,54,92,67,17,Capricornus
161,0,1,4,24,161,9,34,49,8,Taurus
162,1,1,8,9,162,49,17,34,31,Leo
163,1,1,3,29,163,51,57,92,14,Aries
164,0,1,2,1,164,81,94,64,33,Aquarius
165,0,1,8,25,165,2,39,25,76,Virgo
166,0,1,12,28,166,77,58,100,49,Capricornus
167,0,1,8,17,167,54,7,100,75,Leo
168,1,1,1,10,168,100,10,37,44,Capricornus
169,1,1,11,3,169,100,71,56,100,Scorpius
170,1,1,12,19,170,61,78,55,47,Sagittarius
171,1,1,8,29,171,26,82,100,43,Virgo
172,1,1,1,28,172,20,57,78,38,Aquarius
173,1,1,3,20,173,62,80,64,95,Pisces
174,0,1,4,11,174,94,20,14,97,Aries
175,1,1,10,1,175,40,10,87,70,Virgo
176,1,1,8,7,176,60,98,21,76,Leo
177,1,1,3,27,177,65,54,78,33,Aries
178,1,1,9,3,178,45,93,5,2,Virgo
179,1,1,9,7,179,87,56,51,76,Virgo
180,1,1,6,24,180,28,64,6,42,Gemini
181,1,1,8,12,181,37,79,25,26,Leo
182,0,1,6,14,182,13,9,84,28,Gemini
183,1,1,12,1,183,59,78,81,88,Sagittarius
184,0,1,12,5,184,19,89,22,83,Sagittarius
185,1,1,4,3,185,40,69,28,69,Aries
186,1,1,8,1,186,34,69,19,98,Leo
187,1,1,11,2,187,94,15,50,31,Scorpius
188,1,1,4,7,188,22,5,71,78,Aries
189,0,1,2,20,189,98,43,4,24,Pisces
190,0,1,5,19,190,49,76,17,39,Taurus
191,0,1,6,19,191,93,91,11,12,Gemini
192,0,1,11,24,192,3,51,58,18,Sagittarius
193,0,1,6,5,193,37,50,94,4,Gemini
194,1,1,1,1,194,79,73,21,88,Capricornus
195,0,1,6,6,195,10,90,10,87,Gemini
196,1,1,3,11,196,65,75,18,59,Pisces
197,1,1,7,4,197,46,45,34,27,Cancer
198,0,1,9,26,198,91,44,55,52,Virgo
199,0,1,12,8,199,9,33,38,15,Sagittarius
200,0,1,1,13,200,60,66,49,8,Capricornus
201,0,1,7,27,201,66,89,100,74,Leo
202,0,1,5,19,202,23,49,74,16,Taurus
203,1,1,10,28,203,65,91,39,72,Scorpius
204,0,1,12,6,204,27,90,29,72,Sagittarius
205,1,1,12,3,205,31,71,67,49,Sagittarius
206,0,1,5,1,206,73,36,23,49,Taurus
207,0,1,10,27,207,29,55,5,46,Libra
208,0,1,6,9,208,30,34,93,92,Gemini
209,0,1,9,11,209,41,33,5,48,Virgo
210,0,1,1,16,210,22,2,11,42,Capricornus
211,1,1,5,26,211,37,9,25,5,Taurus
212,1,1,12,17,212,29,39,32,31,Sagittarius
213,0,1,8,13,213,66,24,50,89,Leo
214,1,1,4,16,214,22,22,91,31,Aries
215,1,1,11,4,215,58,6,16,21,Ophiuchus
216,1,1,1,16,216,60,72,14,7,Capricornus
217,0,1,4,18,217,28,16,14,87,Aries
218,1,1,7,22,218,18,66,75,91,Leo
219,0,1,12,1,219,38,10,10,45,Sagittarius
220,1,1,4,22,220,94,72,62,77,Taurus
221,0,1,6,10,221,5,53,65,98,Gemini
222,0,1,1,29,222,83,96,97,13,Aquarius
223,0,1,7,8,223,44,31,88,28,Cancer
224,1,1,1,6,224,48,42,7,96,Capricornus
225,1,1,1,13,225,100,44,47,75,Capricornus
226,0,1,9,12,226,14,70,36,88,Virgo
227,1,1,4,20,227,83,58,70,2,Taurus
228,0,1,2,21,228,76,69,24,71,Pisces
229,0,1,11,7,229,23,4,40,22,Ophiuchus
230,0,1,3,30,230,64,9,23,33,Aries
231,1,1,12,15,231,89,28,88,10,Sagittarius
232,0,1,3,23,232,49,86,62,12,Pisces
233,0,1,7,5,233,50,43,52,23,Cancer
234,1,1,7,5,234,84,51,69,61,Cancer
235,1,1,2,23,235,64,5,99,14,Pisces
236,1,1,2,16,236,87,43,41,90,Pisces
237,0,1,12,30,237,59,78,4,32,Capricornus
238,0,1,8,12,238,90,100,68,40,Leo
239,0,1,5,24,239,99,55,30,62,Taurus
240,1,1,4,14,240,99,72,60,18,Aries
241,1,1,5,21,241,23,51,81,20,Taurus
242,0,1,5,2,242,63,80,55,70,Taurus
243,0,1,2,8,243,38,17,10,45,Aquarius
244,1,1,7,15,244,55,67,100,28,Cancer
245,1,1,12,21,245,18,51,9,40,Sagittarius
246,0,1,8,3,246,84,2,23,27,Leo
247,1,1,12,2,247,7,40,69,44,Sagittarius
248,0,1,6,10,248,52,74,93,96,Gemini
249,0,1,11,24,249,2,84,28,77,Sagittarius
250,0,1,5,9,250,50,66,23,73,Taurus
251,1,1,3,25,251,80,12,13,91,Aries
252,1,1,7,20,252,64,47,97,24,Leo
253,1,1,1,30,253,62,95,27,40,Aquarius
254,1,1,11,12,254,89,13,17,47,Ophiuchus
255,0,1,7,15,255,85,56,74,96,Cancer
256,0,1,5,6,256,96,63,31,26,Taurus
257,0,1,9,11,257,26,41,39,47,Virgo
258,0,1,11,14,258,29,93,47,86,Ophiuchus
259,0,1,1,27,259,59,26,45,78,Aquarius
260,0,1,10,1,260,56,65,79,43,Virgo
261,1,1,5,18,261,17,86,24,26,Taurus
262,0,1,7,14,262,22,80,78,8,Cancer
263,0,1,8,31,263,38,95,9,26,Virgo
264,0,1,4,30,264,16,53,52,56,Taurus
265,1,1,3,5,265,51,32,31,45,Pisces
266,1,1,8,9,266,5,5,59,40,Leo
267,1,1,7,31,267,67,51,4,63,Leo
268,0,1,5,14,268,55,2,76,93,Taurus
269,1,1,3,28,269,89,27,82,42,Aries
270,1,1,2,23,270,21,36,68,23,Pisces
271,0,1,4,22,271,100,51,85,15,Taurus
272,1,1,9,7,272,81,20,46,96,Virgo
273,1,1,5,28,273,54,24,99,41,Gemini
274,0,1,10,16,274,48,62,8,48,Libra
275,1,1,9,27,275,99,5,87,93,Virgo
276,0,1,7,10,276,42,3,27,17,Cancer
277,1,1,3,27,277,91,67,43,63,Aries
278,1,1,11,21,278,45,26,16,40,Ophiuchus
279,0,1,11,4,279,69,90,5,14,Ophiuchus
280,0,1,4,22,280,69,54,45,47,Taurus
281,0,1,3,9,281,44,35,58,56,Pisces
282,0,1,7,30,282,7,38,55,58,Leo
283,0,1,11,25,283,73,63,38,24,Sagittarius
284,0,1,8,26,284,58,92,67,51,Virgo
285,1,1,7,17,285,15,84,34,8,Leo
286,0,1,8,30,286,91,55,9,73,Virgo
287,0,1,11,17,287,21,79,29,77,Ophiuchus
288,0,1,8,16,288,28,17,52,45,Leo
289,1,1,2,24,289,15,16,2,65,Pisces
290,1,1,10,23,290,84,27,14,28,Libra
291,1,1,10,19,291,62,49,3,40,Libra
292,1,1,1,1,292,50,90,60,50,Capricornus
293,0,1,7,20,293,34,100,66,21,Leo
294,0,1,7,22,294,45,93,40,24,Leo
295,1,1,3,8,295,60,66,98,53,Pisces
296,0,1,9,16,296,81,31,31,4,Virgo
297,0,1,2,12,297,94,89,19,32,Aquarius
298,0,1,7,30,298,28,38,46,83,Leo
299,1,1,10,7,299,63,43,11,25,Libra
300,1,1,4,19,300,60,23,78,91,Taurus
301,1,1,8,17,301,96,90,53,81,Leo
302,0,1,9,8,302,39,55,16,72,Virgo
303,1,1,12,5,303,18,90,83,17,Sagittarius
304,1,1,1,10,304,63,95,85,3,Capricornus
305,0,1,1,3,305,94,59,19,43,Capricornus
306,1,1,5,26,306,76,49,13,22,Taurus
307,0,1,6,16,307,50,82,79,91,Gemini
308,0,1,1,1,308,53,45,42,17,Capricornus
309,1,1,5,18,309,21,28,83,66,Taurus
310,0,1,2,21,310,3,15,79,14,Pisces
311,0,1,11,24,311,47,70,37,96,Sagittarius
312,1,1,4,7,312,86,39,76,18,Aries
313,1,1,9,24,313,43,37,30,58,Virgo
314,1,1,5,23,314,27,59,28,56,Taurus
315,1,1,2,18,315,11,43,92,88,Pisces
316,1,1,7,14,316,3,49,10,73,Cancer
317,1,1,7,21,317,6,37,45,19,Leo
318,0,1,3,23,318,47,97,92,79,Pisces
319,1,1,2,3,319,24,93,98,91,Aquarius
320,0,1,7,13,320,61,39,81,70,Cancer
321,1,1,2,26,321,65,73,15,51,Pisces
322,0,1,10,23,322,85,96,56,27,Libra
323,1,1,1,1,323,97,94,91,97,Capricornus
324,0,1,10,27,324,81,82,75,23,Libra
325,1,1,3,25,325,40,19,28,43,Aries
326,1,1,4,9,326,12,32,99,14,Aries
327,0,1,10,18,327,2,43,12,48,Libra
328,0,1,10,9,328,32,46,1,20,Libra
329,0,1,2,2,329,1,97,28,76,Aquarius
330,0,1,5,22,330,98,53,65,83,Taurus
331,1,1,7,25,331,74,23,8,93,Leo
332,1,1,6,2,332,79,75,22,78,Gemini
333,0,1,2,28,333,94,92,43,100,Pisces
334,1,1,5,11,334,33,68,89,48,Taurus
335,0,1,11,23,335,37,8,79,73,Sagittarius
336,0,1,3,28,336,90,97,97,72,Aries
337,1,1,4,25,337,46,40,73,4,Taurus
338,1,1,1,26,338,16,20,32,85,Aquarius
339,0,1,1,2,339,90,96,54,13,Capricornus
340,0,1,4,12,340,10,67,33,88,Aries
341,1,1,3,13,341,97,75,19,5,Pisces
342,1,1,4,27,342,43,13,18,42,Taurus
343,1,1,12,31,343,43,9,15,30,Capricornus
344,1,1,8,24,344,77,81,67,76,Virgo
345,1,1,1,26,345,61,24,57,71,Aquarius
346,0,1,11,17,346,18,26,40,52,Ophiuchus
347,0,1,3,14,347,7,56,10,22,Pisces
348,0,1,1,29,348,91,33,52,3,Aquarius
349,0,1,7,18,349,85,90,25,78,Leo
350,1,1,5,12,350,5,94,83,56,Taurus
351,1,1,3,11,351,55,31,55,98,Pisces
352,0,1,10,5,352,38,74,34,6,Virgo
353,1,1,12,12,353,30,45,82,43,Sagittarius
354,1,1,11,28,354,96,9,56,59,Sagittarius
355,1,1,1,3,355,3,43,67,23,Capricornus
356,0,1,8,21,356,21,18,39,85,Leo
357,0,1,6,10,357,45,89,86,20,Gemini
358,1,1,12,10,358,1,37,77,28,Sagittarius
359,1,1,8,17,359,77,46,41,3,Leo
360,1,1,10,6,360,78,61,85,83,Libra
361,0,1,1,19,361,36,51,10,84,Capricornus
362,1,1,8,21,362,13,42,96,99,Leo
363,1,1,5,15,363,55,63,95,1,Taurus
364,0,1,8,15,364,42,72,14,67,Leo
365,0,1,4,18,365,92,5,96,26,Aries
366,0,1,5,23,366,39,99,49,25,Taurus
367,0,1,7,9,367,83,97,28,72,Cancer
368,0,1,10,31,368,68,80,12,65,Scorpius
369,0,1,2,20,369,23,65,46,12,Pisces
370,0,1,3,29,370,27,65,37,8,Aries
371,1,1,6,10,371,42,17,52,83,Gemini
372,1,1,4,17,372,14,47,34,74,Aries
373,0,1,12,17,373,35,36,7,55,Sagittarius
374,0,1,7,20,374,91,35,10,94,Leo
375,0,1,3,4,375,36,43,69,46,Pisces
376,1,1,6,13,376,27,93,23,45,Gemini
377,1,1,9,3,377,76,30,35,86,Virgo
378,1,1,3,22,378,6,96,48,30,Pisces
379,1,1,12,4,379,42,66,55,46,Sagittarius
380,0,1,2,4,380,61,26,98,100,Aquarius
381,0,1,3,17,381,3,12,82,76,Pisces
382,1,1,12,19,382,85,81,91,53,Sagittarius
383,1,1,8,6,383,31,43,1,53,Leo
384,1,1,2,24,384,8,15,35,29,Pisces
385,0,1,1,16,385,72,34,97,11,Capricornus
386,1,1,12,9,386,9,38,39,5,Sagittarius
387,0,1,11,18,387,84,68,79,17,Ophiuchus
388,0,1,8,20,388,38,23,46,28,Leo
389,1,1,4,30,389,30,2,64,44,Taurus
390,0,1,1,10,390,18,19,84,55,Capricornus
391,1,1,5,1,391,32,8,87,54,Taurus
392,0,1,10,25,392,58,91,23,32,Libra
393,0,1,5,11,393,22,52,34,15,Taurus
394,0,1,1,12,394,84,92,74,43,Capricornus
395,0,1,2,22,395,45,83,24,71,Pisces
396,0,1,12,11,396,74,48,88,57,Sagittarius
397,1,1,3,12,397,35,23,75,24,Pisces
398,1,1,11,6,398,94,53,27,55,Ophiuchus
399,1,1,11,10,399,90,7,80,97,Ophiuchus
400,1,1,12,17,400,62,7,26,88,Sagittarius
401,0,1,5,19,401,2,97,38,11,Taurus
402,1,1,8,12,402,48,67,60,48,Leo
403,1,1,10,13,403,40,68,27,66,Libra
404,0,1,12,12,404,35,28,4,49,Sagittarius
405,1,1,11,15,405,44,83,55,35,Ophiuchus
406,0,1,12,19,406,25,63,45,64,Sagittarius
407,1,1,5,22,407,85,1,77,62,Taurus
408,1,1,8,1,408,20,94,30,74,Leo
409,0,1,10,19,409,73,70,29,38,Libra
410,0,1,12,9,410,30,12,80,68,Sagittarius
411,0,1,2,5,411,47,68,48,22,Aquarius
412,0,1,7,29,412,89,93,74,48,Leo
413,1,1,10,21,413,78,45,36,91,Libra
414,0,1,4,16,414,44,6,100,97,Aries
415,1,1,9,17,415,65,78,80,8,Virgo
416,1,1,3,21,416,64,43,33,51,Pisces
417,1,1,5,13,417,57,47,48,21,Taurus
418,1,1,12,5,418,20,33,20,35,Sagittarius
419,1,1,6,10,419,10,49,56,45,Gemini
420,1,1,10,17,420,55,91,55,24,Libra
421,1,1,7,8,421,82,27,25,32,Cancer
422,0,1,4,30,422,76,82,15,92,Taurus
423,1,1,6,13,423,81,74,95,19,Gemini
424,0,1,7,11,424,73,58,49,65,Cancer
425,0,1,6,29,425,5,90,97,44,Cancer
426,0,1,2,1,426,52,8,8,25,Aquarius
427,0,1,2,14,427,6,70,15,100,Aquarius
428,0,1,8,10,428,74,14,6,71,Leo
429,1,1,9,20,429,80,74,79,88,Virgo
430,0,1,4,24,430,49,70,74,11,Taurus
431,1,1,5,14,431,79,67,94,56,Taurus
432,0,1,11,26,432,80,64,9,86,Sagittarius
433,1,1,12,2,433,40,12,72,12,Sagittarius
434,1,1,2,27,434,89,58,93,38,Pisces
435,1,1,12,9,435,95,97,64,31,Sagittarius
436,1,1,4,30,436,38,83,100,90,Taurus
437,1,1,12,3,437,99,6,50,59,Sagittarius
438,1,1,2,13,438,95,95,36,29,Aquarius
439,0,1,1,18,439,12,4,58,12,Capricornus
440,1,1,9,10,440,49,68,12,4,Virgo
441,1,1,1,5,441,9,13,42,46,Capricornus
442,1,1,12,22,442,89,44,4,49,Sagittarius
443,1,1,1,11,443,49,12,40,91,Capricornus
444,1,1,7,31,444,1,21,9,68,Leo
445,1,1,3,11,445,32,97,94,77,Pisces
446,0,1,3,7,446,75,4,100,86,Pisces
447,1,1,8,6,447,40,85,28,77,Leo
448,1,1,11,25,448,24,89,26,36,Sagittarius
449,1,1,5,27,449,45,67,43,36,Gemini
450,1,1,7,12,450,59,74,77,57,Cancer
451,0,1,3,10,451,55,53,37,85,Pisces
452,0,1,8,20,452,51,1,58,79,Leo
453,0,1,12,11,453,52,7,48,64,Sagittarius
454,0,1,3,29,454,56,6,72,62,Aries
455,1,1,2,24,455,61,77,28,92,Pisces
456,1,1,7,14,456,89,16,6,31,Cancer
457,0,1,11,10,457,62,26,2,50,Ophiuchus
458,0,1,5,31,458,91,72,71,9,Gemini
459,0,1,7,5,459,81,45,13,30,Cancer
460,1,1,7,31,460,84,42,81,8,Leo
461,0,1,10,30,461,13,90,86,69,Scorpius
462,0,1,5,1,462,72,11,30,1,Taurus
463,1,1,1,25,463,96,90,8,96,Aquarius
464,1,1,12,1,464,38,73,48,94,Sagittarius
465,1,1,7,10,465,8,15,33,26,Cancer
466,1,1,12,14,466,38,22,55,6,Sagittarius
467,1,1,10,2,467,4,92,91,88,Virgo
468,0,1,5,8,468,97,42,67,32,Taurus
469,0,1,1,20,469,37,83,39,59,Capricornus
470,1,1,11,5,470,45,83,91,49,Ophiuchus
471,0,1,5,24,471,64,54,39,15,Taurus
472,1,1,7,31,472,16,33,11,2,Leo
473,1,1,12,1,473,37,4,64,40,Sagittarius
474,1,1,4,30,474,80,80,30,14,Taurus
475,1,1,2,22,475,38,76,41,12,Pisces
476,1,1,1,13,476,65,83,27,6,Capricornus
477,0,1,3,17,477,67,37,81,72,Pisces
478,1,1,12,31,478,15,54,66,38,Capricornus
479,1,1,7,18,479,22,4,98,81,Leo
480,0,1,3,26,480,28,38,88,23,Aries
481,0,1,11,3,481,66,3,85,36,Scorpius
482,0,1,9,3,482,71,19,97,29,Virgo
483,1,1,4,30,483,35,15,92,21,Taurus
484,0,1,12,3,484,91,33,54,13,Sagittarius
485,0,1,6,19,485,53,68,59,79,Gemini
486,1,1,8,20,486,78,46,2,96,Leo
487,1,1,1,26,487,47,22,27,79,Aquarius
488,1,1,7,21,488,7,11,73,28,Leo
489,1,1,5,18,489,50,17,54,10,Taurus
490,1,1,2,25,490,38,86,33,20,Pisces
491,1,1,9,14,491,13,55,67,69,Virgo
492,0,1,4,12,492,82,39,83,64,Aries
493,0,1,3,10,493,51,88,14,17,Pisces
494,0,1,2,18,494,81,7,17,27,Pisces
495,1,1,3,16,495,76,44,80,47,Pisces
496,1,1,2,19,496,1,53,42,60,Pisces
497,0,1,2,19,497,16,63,8,2,Pisces
498,1,1,9,3,498,28,61,89,47,Virgo
499,1,1,1,2,499,41,86,13,43,Capricornus
500,0,1,7,31,500,76,1,37,64,Leo
501,1,1,1,20,501,80,19,66,65,Capricornus
502,0,1,2,16,502,63,34,51,76,Pisces
503,1,1,9,19,503,8,70,22,98,Virgo
504,0,1,5,8,504,100,48,49,48,Taurus
505,1,1,8,16,505,59,27,94,2,Leo
506,1,1,5,23,506,86,99,26,71,Taurus
507,1,1,7,26,507,23,7,65,95,Leo
508,1,1,3,25,508,28,48,97,36,Aries
509,0,1,8,19,509,67,58,63,19,Leo
510,1,1,7,16,510,9,6,34,79,Leo
511,0,1,5,7,511,18,27,55,40,Taurus
512,0,1,1,30,512,98,92,1,68,Aquarius
513,0,1,10,20,513,46,8,4,74,Libra
514,1,1,5,26,514,54,79,23,24,Taurus
515,0,1,2,17,515,58,23,7,76,Pisces
516,0,1,8,2,516,95,13,86,36,Leo
517,0,1,2,22,517,79,6,28,81,Pisces
518,1,1,12,27,518,100,42,34,15,Capricornus
519,1,1,3,18,519,92,15,41,32,Pisces
520,1,1,7,19,520,36,7,38,28,Leo
521,1,1,8,27,521,95,38,89,57,Virgo
522,1,1,7,8,522,27,4,40,12,Cancer
523,1,1,10,25,523,16,56,17,22,Libra
524,1,1,11,21,524,1,68,48,84,Ophiuchus
525,1,1,10,19,525,12,56,75,27,Libra
526,0,1,3,31,526,3,62,99,29,Aries
527,0,1,6,13,527,58,19,82,14,Gemini
528,0,1,5,26,528,61,16,5,80,Taurus
529,1,1,3,17,529,88,2,64,59,Pisces
530,1,1,6,28,530,13,84,64,10,Cancer
531,1,1,3,11,531,26,69,76,100,Pisces
532,1,1,12,10,532,98,91,80,46,Sagittarius
533,0,1,9,2,533,6,92,71,50,Virgo
534,0,1,5,4,534,68,29,9,5,Taurus
535,1,1,7,26,535,18,47,86,57,Leo
536,0,1,4,20,536,63,80,6,41,Taurus
537,0,1,2,28,537,13,47,46,27,Pisces
538,0,1,1,12,538,39,64,1,99,Capricornus
539,0,1,5,20,539,35,20,62,55,Taurus
540,1,1,12,5,540,82,48,82,73,Sagittarius
541,1,1,4,27,541,19,60,59,61,Taurus
542,0,1,7,18,542,100,86,51,35,Leo
543,1,1,6,16,543,14,26,53,79,Gemini
544,0,1,11,21,544,66,94,79,73,Ophiuchus
545,1,1,12,24,545,31,9,75,36,Sagittarius
546,1,1,10,11,546,48,51,17,15,Libra
547,1,1,6,21,547,84,25,35,95,Gemini
548,0,1,2,6,548,48,75,66,46,Aquarius
549,0,1,1,16,549,27,92,64,66,Capricornus
550,0,1,10,24,550,24,97,31,55,Libra
551,0,1,7,23,551,32,77,76,46,Leo
552,1,1,7,5,552,93,35,42,23,Cancer
553,1,1,2,16,553,73,22,13,90,Pisces
554,0,1,4,23,554,70,43,76,95,Taurus
555,1,1,8,4,555,18,74,95,72,Leo
556,1,1,4,28,556,42,4,13,51,Taurus
557,0,1,8,17,557,69,81,29,37,Leo
558,1,1,2,4,558,34,90,86,58,Aquarius
559,1,1,3,18,559,77,19,25,89,Pisces
560,0,1,10,25,560,72,13,52,85,Libra
561,0,1,11,17,561,35,75,91,11,Ophiuchus
562,1,1,8,5,562,39,19,12,78,Leo
563,0,1,6,29,563,62,87,62,60,Cancer
564,0,1,5,5,564,65,36,39,94,Taurus
565,1,1,12,20,565,81,39,52,93,Sagittarius
566,0,1,4,4,566,18,14,49,69,Aries
567,1,1,5,10,567,24,16,35,19,Taurus
568,0,1,10,18,568,52,19,48,17,Libra
569,0,1,1,15,569,24,68,67,5,Capricornus
570,1,1,4,16,570,41,97,70,96,Aries
571,0,1,5,1,571,51,28,29,18,Taurus
572,0,1,5,7,572,51,61,54,24,Taurus
573,0,1,12,26,573,64,49,56,19,Capricornus
574,0,1,7,1,574,11,20,27,99,Cancer
575,1,1,12,25,575,90,79,14,64,Capricornus
576,0,1,4,29,576,77,41,47,62,Taurus
577,0,1,5,13,577,48,97,6,73,Taurus
578,0,1,9,7,578,19,79,20,13,Virgo
579,0,1,4,27,579,26,25,82,9,Taurus
580,1,1,2,23,580,16,25,90,24,Pisces
581,1,1,4,19,581,24,87,39,13,Taurus
582,0,1,12,16,582,27,47,54,74,Sagittarius
583,0,1,10,18,583,1,38,57,30,Libra
584,1,1,12,20,584,49,64,51,90,Sagittarius
585,1,1,2,28,585,86,70,11,44,Pisces
586,0,1,3,13,586,18,4,31,22,Pisces
587,0,1,9,3,587,36,6,78,83,Virgo
588,0,1,6,2,588,17,51,4,93,Gemini
589,0,1,4,28,589,70,69,93,31,Taurus
590,0,1,6,7,590,96,85,95,77,Gemini
591,1,1,10,2,591,84,27,53,63,Virgo
592,0,1,12,10,592,82,43,87,57,Sagittarius
593,0,1,5,15,593,37,19,66,80,Taurus
594,1,1,6,27,594,57,55,77,64,Cancer
595,1,1,3,5,595,80,67,38,76,Pisces
596,0,1,2,5,596,89,79,23,11,Aquarius
597,1,1,11,8,597,4,90,99,92,Ophiuchus
598,1,1,6,10,598,30,63,85,93,Gemini
599,0,1,8,30,599,95,74,94,6,Virgo
600,0,1,12,26,600,80,61,44,24,Capricornus
601,0,1,3,28,601,20,6,54,72,Aries
602,1,1,8,17,602,87,41,34,67,Leo
603,1,1,4,6,603,10,18,96,1,Aries
604,1,1,3,9,604,67,18,3,30,Pisces
605,0,1,9,1,605,42,74,68,3,Virgo
606,0,1,8,16,606,48,72,50,76,Leo
607,1,1,7,31,607,62,85,71,99,Leo
608,0,1,2,1,608,76,89,93,100,Aquarius
609,0,1,11,7,609,58,13,85,81,Ophiuchus
610,1,1,8,31,610,1,11,27,39,Virgo
611,0,1,3,2,611,48,60,8,67,Pisces
612,0,1,1,28,612,98,41,32,37,Aquarius
613,1,1,8,15,613,76,11,66,53,Leo
614,1,1,8,7,614,7,53,2,6,Leo
615,0,1,10,24,615,56,96,58,25,Libra
616,0,1,1,4,616,88,87,21,49,Capricornus
617,1,1,3,16,617,46,51,66,91,Pisces
618,1,1,11,30,618,63,14,25,12,Sagittarius
619,1,1,2,13,619,18,36,42,84,Aquarius
620,0,1,8,12,620,9,22,83,7,Leo
621,0,1,8,20,621,87,99,47,21,Leo
622,0,1,9,11,622,27,67,31,96,Virgo
623,0,1,11,6,623,55,40,95,12,Ophiuchus
624,1,1,10,18,624,33,34,24,53,Libra
625,0,1,8,19,625,98,77,5,55,Leo
626,1,1,8,29,626,25,17,68,28,Virgo
627,1,1,4,16,627,29,26,81,44,Aries
628,1,1,6,13,628,54,36,9,69,Gemini
629,0,1,7,28,629,86,1,2,49,Leo
630,1,1,1,24,630,15,75,35,39,Aquarius
631,0,1,10,29,631,34,25,67,29,Scorpius
632,1,1,7,8,632,31,21,25,86,Cancer
633,0,1,8,30,633,7,38,13,2,Virgo
634,1,1,6,7,634,96,87,37,17,Gemini
635,0,1,10,28,635,53,72,7,28,Scorpius
636,0,1,2,18,636,87,43,37,45,Pisces
637,0,1,5,31,637,81,13,68,18,Gemini
638,1,1,5,28,638,12,86,18,41,Gemini
639,1,1,6,21,639,71,4,94,92,Gemini
640,1,1,2,20,640,36,72,28,14,Pisces
641,0,1,2,2,641,67,73,80,28,Aquarius
642,1,1,12,10,642,9,54,87,76,Sagittarius
643,0,1,1,23,643,82,77,54,71,Aquarius
644,0,1,1,8,644,5,69,45,97,Capricornus
645,0,1,5,29,645,37,16,81,99,Gemini
646,0,1,6,13,646,19,14,5,6,Gemini
647,0,1,3,17,647,28,77,46,64,Pisces
648,1,1,12,24,648,3,1,48,91,Sagittarius
649,0,1,3,13,649,40,69,61,87,Pisces
650,0,1,8,13,650,4,36,42,35,Leo
651,0,1,12,16,651,12,32,61,82,Sagittarius
652,1,1,12,2,652,48,31,16,23,Sagittarius
653,1,1,8,17,653,81,58,81,29,Leo
654,0,1,1,10,654,45,27,17,45,Capricornus
655,1,1,1,5,655,31,21,37,37,Capricornus
656,0,1,4,10,656,23,38,2,76,Aries
657,1,1,6,26,657,83,23,16,12,Cancer
658,0,1,12,8,658,96,96,98,18,Sagittarius
659,0,1,4,19,659,45,29,18,66,Taurus
660,1,1,5,10,660,95,50,15,68,Taurus
661,1,1,3,18,661,16,22,89,34,Pisces
662,1,1,10,22,662,82,95,62,58,Libra
663,1,1,8,29,663,61,9,45,37,Virgo
664,1,1,8,6,664,98,12,74,66,Leo
665,0,1,8,2,665,51,23,63,52,Leo
666,1,1,7,22,666,58,46,61,26,Leo
667,1,1,5,9,667,87,3,68,20,Taurus
668,1,1,10,15,668,86,57,92,73,Libra
669,0,1,6,16,669,6,54,32,71,Gemini
670,1,1,1,4,670,27,75,42,21,Capricornus
671,1,1,11,27,671,40,88,20,55,Sagittarius
672,1,1,5,27,672,30,16,67,75,Gemini
673,0,1,10,2,673,8,83,24,70,Virgo
674,0,1,9,22,674,54,21,11,75,Virgo
675,0,1,3,2,675,60,46,44,1,Pisces
676,1,1,3,1,676,7,99,50,75,Pisces
677,1,1,10,27,677,92,1,88,45,Libra
678,0,1,10,22,678,66,90,75,38,Libra
679,1,1,6,20,679,95,36,95,39,Gemini
680,0,1,9,15,680,54,39,93,85,Virgo
681,1,1,5,21,681,33,44,40,84,Taurus
682,1,1,8,11,682,96,64,63,78,Leo
683,1,1,11,7,683,1,26,31,30,Ophiuchus
684,0,1,12,14,684,85,16,58,61,Sagittarius
685,1,1,6,18,685,67,47,53,21,Gemini
686,1,1,1,4,686,47,28,95,95,Capricornus
687,1,1,5,1,687,81,58,76,37,Taurus
688,1,1,8,6,688,64,19,28,94,Leo
689,1,1,9,18,689,38,8,22,66,Virgo
690,1,1,10,8,690,66,32,82,83,Libra
691,0,1,11,28,691,30,16,65,87,Sagittarius
692,0,1,12,15,692,53,82,63,58,Sagittarius
693,0,1,3,17,693,3,54,65,100,Pisces
694,0,1,11,21,694,70,87,23,46,Ophiuchus
695,0,1,1,24,695,80,37,9,47,Aquarius
696,1,1,12,9,696,96,35,85,30,Sagittarius
697,0,1,2,6,697,82,2,59,57,Aquarius
698,0,1,12,3,698,87,7,46,99,Sagittarius
699,1,1,8,4,699,22,44,84,41,Leo
700,1,1,8,5,700,10,77,20,4,Leo
701,0,1,11,26,701,59,18,83,11,Sagittarius
702,0,1,3,5,702,22,66,76,92,Pisces
703,1,1,3,31,703,15,56,34,8,Aries
704,1,1,9,27,704,80,47,94,93,Virgo
705,1,1,5,25,705,84,12,39,9,Taurus
706,0,1,1,18,706,81,87,44,82,Capricornus
707,0,1,5,12,707,48,82,94,11,Taurus
708,1,1,6,10,708,90,58,16,51,Gemini
709,0,1,4,24,709,28,47,36,53,Taurus
710,1,1,11,27,710,5,12,78,3,Sagittarius
711,1,1,3,4,711,82,36,95,98,Pisces
712,1,1,5,23,712,33,8,59,39,Taurus
713,1,1,3,25,713,92,72,94,95,Aries
714,1,1,6,24,714,15,2,62,6,Gemini
715,1,1,5,26,715,82,50,7,23,Taurus
716,0,1,11,2,716,63,17,35,62,Scorpius
717,1,1,8,4,717,74,9,25,73,Leo
718,0,1,11,29,718,63,2,82,12,Sagittarius
719,0,1,10,2,719,66,16,56,41,Virgo
720,1,1,8,17,720,21,11,57,71,Leo
721,0,1,12,5,721,90,54,8,52,Sagittarius
722,0,1,10,16,722,33,23,56,11,Libra
723,1,1,9,28,723,16,46,46,89,Virgo
724,1,1,11,3,724,4,12,34,43,Scorpius
725,1,1,3,8,725,6,43,75,83,Pisces
726,0,1,8,21,726,63,30,68,27,Leo
727,0,1,2,3,727,52,24,78,74,Aquarius
728,0,1,3,14,728,13,54,53,61,Pisces
729,1,1,9,24,729,32,23,12,80,Virgo
730,1,1,4,28,730,39,59,45,62,Taurus
731,1,1,3,4,731,56,54,26,32,Pisces
732,1,1,2,22,732,64,73,16,31,Pisces
733,0,1,7,7,733,29,15,5,23,Cancer
734,1,1,1,25,734,88,74,82,52,Aquarius
735,1,1,1,22,735,57,75,95,2,Aquarius
736,1,1,11,4,736,36,48,32,76,Ophiuchus
737,1,1,4,23,737,5,50,68,8,Taurus
738,1,1,7,22,738,99,48,57,7,Leo
739,1,1,6,2,739,11,79,100,52,Gemini
740,1,1,11,22,740,86,1,2,57,Ophiuchus
741,1,1,12,17,741,20,68,51,6,Sagittarius
742,1,1,8,4,742,76,95,74,90,Leo
743,0,1,11,29,743,100,22,26,46,Sagittarius
744,0,1,3,4,744,83,86,78,80,Pisces
745,0,1,7,6,745,47,63,48,46,Cancer
746,0,1,7,22,746,70,63,5,77,Leo
747,0,1,12,23,747,41,68,79,58,Sagittarius
748,1,1,9,1,748,29,30,45,45,Virgo
749,1,1,3,13,749,5,16,9,4,Pisces
750,1,1,9,28,750,96,11,10,1,Virgo
751,1,1,9,27,751,19,47,73,5,Virgo
752,1,1,8,24,752,63,25,61,35,Virgo
753,0,1,4,10,753,37,93,5,81,Aries
754,1,1,10,20,754,37,53,27,77,Libra
755,0,1,5,4,755,79,78,3,99,Taurus
756,1,1,3,3,756,46,91,60,35,Pisces
757,0,1,2,25,757,89,60,96,38,Pisces
758,0,1,3,30,758,48,51,39,16,Aries
759,0,1,9,12,759,22,99,28,85,Virgo
760,0,1,9,14,760,24,57,81,33,Virgo
761,1,1,8,14,761,15,97,50,41,Leo
762,0,1,10,30,762,63,66,80,42,Scorpius
763,0,1,4,16,763,94,10,86,93,Aries
764,1,1,6,29,764,56,34,36,39,Cancer
765,1,1,2,23,765,12,57,90,93,Pisces
766,0,1,2,16,766,21,20,66,27,Pisces
767,0,1,6,23,767,3,14,44,76,Gemini
768,0,1,3,3,768,4,35,31,74,Pisces
769,0,1,3,31,769,9,41,42,94,Aries
770,0,1,7,2,770,74,46,62,34,Cancer
771,0,1,11,2,771,50,47,71,37,Scorpius
772,0,1,11,19,772,75,2,92,67,Ophiuchus
773,1,1,6,6,773,52,89,80,1,Gemini
774,0,1,2,23,774,95,56,25,77,Pisces
775,1,1,2,17,775,76,35,25,1,Pisces
776,1,1,7,27,776,55,85,49,12,Leo
777,1,1,8,16,777,98,82,82,16,Leo
778,0,1,10,27,778,92,94,90,72,Libra
779,0,1,9,13,779,81,7,4,2,Virgo
780,1,1,8,28,780,34,34,97,16,Virgo
781,1,1,2,22,781,41,54,4,27,Pisces
782,0,1,8,17,782,8,82,14,21,Leo
783,1,1,5,17,783,54,56,18,11,Taurus
784,0,1,6,7,784,93,25,29,18,Gemini
785,0,1,1,17,785,61,16,1,2,Capricornus
786,0,1,2,14,786,25,70,80,51,Aquarius
787,1,1,12,23,787,36,32,72,85,Sagittarius
788,0,1,5,22,788,59,48,54,74,Taurus
789,1,1,10,29,789,51,49,26,73,Scorpius
790,1,1,12,1,790,68,7,39,79,Sagittarius
791,1,1,12,3,791,26,55,77,65,Sagittarius
792,1,1,5,12,792,70,92,42,37,Taurus
793,1,1,5,16,793,7,70,38,18,Taurus
794,1,1,3,16,794,44,36,1,71,Pisces
795,1,1,10,1,795,69,55,77,36,Virgo
796,1,1,10,31,796,74,83,78,43,Scorpius
797,1,1,11,18,797,21,55,31,10,Ophiuchus
798,0,1,4,28,798,31,27,66,57,Taurus
799,1,1,1,24,799,86,86,1,41,Aquarius
800,1,1,1,24,800,45,61,51,88,Aquarius
801,1,1,1,3,801,13,7,51,83,Capricornus
802,0,1,9,4,802,16,91,69,54,Virgo
803,1,1,10,21,803,93,80,52,81,Libra
804,0,1,6,29,804,93,100,62,30,Cancer
805,1,1,4,14,805,4,59,71,33,Aries
806,1,1,4,5,806,81,61,24,42,Aries
807,1,1,9,20,807,4,92,82,82,Virgo
808,0,1,10,10,808,24,74,47,52,Libra
809,1,1,10,16,809,58,9,13,37,Libra
810,0,1,10,25,810,23,5,63,47,Libra
811,0,1,11,15,811,39,4,89,61,Ophiuchus
812,0,1,11,20,812,64,93,31,66,Ophiuchus
813,0,1,10,11,813,75,69,66,25,Libra
814,0,1,8,4,814,97,6,21,84,Leo
815,0,1,3,12,815,49,86,79,27,Pisces
816,1,1,8,8,816,58,44,1,77,Leo
817,1,1,8,19,817,36,77,17,32,Leo
818,0,1,5,5,818,12,34,86,8,Taurus
819,1,1,5,4,819,61,75,67,20,Taurus
820,1,1,4,7,820,85,63,40,12,Aries
821,1,1,12,19,821,48,75,99,41,Sagittarius
822,0,1,2,19,822,60,42,89,92,Pisces
823,0,1,4,24,823,60,56,53,78,Taurus
824,1,1,1,2,824,38,41,4,22,Capricornus
825,0,1,11,8,825,74,43,26,95,Ophiuchus
826,0,1,9,12,826,68,52,70,97,Virgo
827,1,1,5,1,827,18,55,66,84,Taurus
828,0,1,9,17,828,17,61,62,64,Virgo
829,1,1,3,24,829,10,2,79,68,Aries
830,1,1,2,9,830,28,46,94,30,Aquarius
831,1,1,5,26,831,19,49,29,79,Taurus
832,1,1,3,7,832,68,38,95,13,Pisces
833,0,1,9,30,833,39,84,26,29,Virgo
834,1,1,10,8,834,21,30,61,75,Libra
835,0,1,3,10,835,30,85,96,17,Pisces
836,1,1,7,25,836,82,75,91,77,Leo
837,1,1,2,12,837,19,45,94,21,Aquarius
838,1,1,6,8,838,77,41,63,41,Gemini
839,0,1,1,1,839,65,86,60,41,Capricornus
840,1,1,9,16,840,12,97,87,80,Virgo
841,0,1,9,30,841,64,16,8,91,Virgo
842,0,1,8,20,842,17,44,73,44,Leo
843,1,1,6,17,843,9,44,7,39,Gemini
844,1,1,1,30,844,81,12,19,42,Aquarius
845,0,1,12,12,845,49,35,97,93,Sagittarius
846,0,1,9,25,846,43,32,61,49,Virgo
847,0,1,3,9,847,13,61,37,61,Pisces
848,0,1,12,1,848,82,68,36,23,Sagittarius
849,1,1,1,7,849,30,46,65,36,Capricornus
850,0,1,4,22,850,91,53,81,78,Taurus
851,0,1,11,2,851,95,31,91,92,Scorpius
852,1,1,9,11,852,70,34,93,72,Virgo
853,1,1,11,11,853,23,88,18,50,Ophiuchus
854,1,1,10,23,854,59,41,97,6,Libra
855,0,1,3,17,855,15,90,52,62,Pisces
856,1,1,11,29,856,16,79,44,25,Sagittarius
857,0,1,1,23,857,34,71,10,48,Aquarius
858,1,1,11,25,858,8,40,97,16,Sagittarius
859,1,1,4,14,859,77,83,39,87,Aries
860,1,1,8,12,860,11,30,62,27,Leo
861,0,1,7,20,861,97,78,17,14,Leo
862,0,1,8,3,862,14,8,30,23,Leo
863,1,1,4,24,863,18,63,30,32,Taurus
864,1,1,10,6,864,2,15,11,9,Libra
865,0,1,11,24,865,42,72,63,34,Sagittarius
866,0,1,9,8,866,97,66,89,100,Virgo
867,0,1,8,23,867,23,86,89,44,Virgo
868,0,1,10,19,868,82,21,74,41,Libra
869,0,1,6,15,869,81,9,47,10,Gemini
870,0,1,12,1,870,23,88,29,2,Sagittarius
871,0,1,2,26,871,50,8,93,38,Pisces
872,0,1,5,27,872,31,11,98,80,Gemini
873,1,1,3,14,873,52,69,51,9,Pisces
874,0,1,3,4,874,30,56,4,13,Pisces
875,0,1,5,10,875,11,36,78,4,Taurus
876,1,1,9,25,876,2,7,71,59,Virgo
877,1,1,11,9,877,56,12,90,100,Ophiuchus
878,0,1,1,4,878,50,92,61,40,Capricornus
879,1,1,7,27,879,44,42,31,32,Leo
880,1,1,9,15,880,29,97,79,65,Virgo
881,0,1,3,10,881,36,61,78,55,Pisces
882,1,1,7,19,882,84,49,56,1,Leo
883,1,1,12,22,883,86,83,8,21,Sagittarius
884,1,1,5,19,884,78,77,97,38,Taurus
885,1,1,7,8,885,93,34,35,18,Cancer
886,1,1,6,23,886,7,27,80,6,Gemini
887,1,1,9,3,887,83,17,73,78,Virgo
888,1,1,1,17,888,7,80,87,83,Capricornus
889,1,1,12,6,889,93,32,71,43,Sagittarius
890,0,1,10,13,890,36,76,37,62,Libra
891,1,1,4,19,891,77,18,13,90,Taurus
892,1,1,5,24,892,83,97,86,52,Taurus
893,0,1,7,2,893,89,64,32,99,Cancer
894,1,1,10,26,894,62,35,39,20,Libra
895,0,1,6,25,895,10,20,55,86,Gemini
896,1,1,6,28,896,52,88,39,46,Cancer
897,1,1,10,29,897,48,83,91,93,Scorpius
898,0,1,7,7,898,28,63,16,90,Cancer
899,1,1,5,4,899,24,51,65,90,Taurus
900,0,1,3,8,900,71,91,47,66,Pisces
901,1,1,4,19,901,30,28,57,18,Taurus
902,0,1,10,3,902,68,18,14,13,Virgo
903,1,1,4,16,903,3,73,83,68,Aries
904,0,1,5,5,904,76,48,19,87,Taurus
905,1,1,4,20,905,98,51,52,86,Taurus
906,1,1,6,13,906,35,21,79,46,Gemini
907,1,1,5,4,907,92,91,85,81,Taurus
908,0,1,6,25,908,10,81,100,65,Gemini
909,1,1,10,27,909,12,79,58,94,Libra
910,0,1,11,1,910,63,35,57,18,Scorpius
911,0,1,6,24,911,47,24,93,17,Gemini
912,1,1,2,22,912,48,77,96,31,Pisces
913,0,1,10,23,913,14,10,35,15,Libra
914,0,1,1,28,914,40,24,76,95,Aquarius
915,1,1,10,27,915,71,8,32,71,Libra
916,0,1,5,20,916,9,92,35,92,Taurus
917,0,1,6,29,917,1,43,45,7,Cancer
918,1,1,2,28,918,53,83,38,69,Pisces
919,1,1,12,7,919,21,6,80,62,Sagittarius
920,1,1,12,7,920,5,2,84,93,Sagittarius
921,1,1,8,18,921,39,37,9,11,Leo
922,1,1,2,27,922,36,94,60,54,Pisces
923,0,1,3,31,923,34,78,5,23,Aries
924,1,1,1,5,924,85,1,41,66,Capricornus
925,0,1,9,3,925,75,80,99,77,Virgo
926,0,1,10,5,926,68,41,100,9,Virgo
927,0,1,7,21,927,83,30,3,45,Leo
928,1,1,9,19,928,51,29,75,74,Virgo
929,1,1,6,27,929,30,57,71,34,Cancer
930,0,1,6,10,930,65,77,87,72,Gemini
931,0,1,11,28,931,57,80,37,42,Sagittarius
932,1,1,1,4,932,67,75,100,80,Capricornus
933,0,1,7,19,933,99,31,11,56,Leo
934,1,1,11,4,934,17,49,16,11,Ophiuchus
935,0,1,7,12,935,13,14,31,39,Cancer
936,1,1,11,15,936,67,65,67,59,Ophiuchus
937,0,1,3,20,937,43,17,6,83,Pisces
938,1,1,2,3,938,20,52,50,47,Aquarius
939,1,1,4,4,939,93,19,17,93,Aries
940,1,1,5,25,940,11,91,15,91,Taurus
941,1,1,6,30,941,89,64,46,100,Cancer
942,1,1,7,10,942,11,13,52,88,Cancer
943,1,1,8,13,943,8,100,33,77,Leo
944,0,1,5,25,944,97,78,61,88,Taurus
945,1,1,6,9,945,63,83,58,73,Gemini
946,1,1,8,23,946,53,71,97,75,Virgo
947,1,1,1,25,947,57,19,28,45,Aquarius
948,0,1,5,15,948,92,56,13,63,Taurus
949,1,1,8,22,949,14,6,26,29,Virgo
950,1,1,1,22,950,78,25,50,43,Aquarius
951,0,1,9,11,951,33,85,20,5,Virgo
952,0,1,3,13,952,71,73,52,68,Pisces
953,1,1,10,7,953,65,34,70,82,Libra
954,1,1,12,13,954,70,67,81,23,Sagittarius
955,1,1,1,10,955,51,94,11,34,Capricornus
956,0,1,5,4,956,36,61,23,39,Taurus
957,0,1,3,15,957,18,69,28,20,Pisces
958,1,1,8,1,958,20,8,40,21,Leo
959,0,1,8,1,959,73,46,84,58,Leo
960,1,1,7,29,960,30,30,55,33,Leo
961,1,1,1,26,961,25,72,48,54,Aquarius
962,1,1,10,2,962,54,16,44,3,Virgo
963,0,1,2,17,963,1,5,73,15,Pisces
964,1,1,5,5,964,43,32,61,81,Taurus
965,1,1,6,14,965,27,64,24,58,Gemini
966,0,1,11,10,966,84,51,50,31,Ophiuchus
967,1,1,9,27,967,11,47,47,27,Virgo
968,1,1,7,4,968,1,54,51,65,Cancer
969,0,1,11,18,969,96,55,71,52,Ophiuchus
970,1,1,9,9,970,55,56,93,11,Virgo
971,0,1,4,22,971,12,77,83,15,Taurus
972,1,1,3,19,972,27,11,28,70,Pisces
973,0,1,11,16,973,14,53,5,85,Ophiuchus
974,0,1,1,3,974,46,2,47,13,Capricornus
975,1,1,1,1,975,61,7,14,60,Capricornus
976,1,1,9,22,976,68,30,79,2,Virgo
977,0,1,12,8,977,4,3,58,82,Sagittarius
978,0,1,10,24,978,6,85,90,65,Libra
979,0,1,8,29,979,67,44,6,97,Virgo
980,1,1,12,14,980,10,74,40,50,Sagittarius
981,1,1,5,7,981,45,70,87,20,Taurus
982,1,1,9,23,982,26,30,97,38,Virgo
983,1,1,9,18,983,2,67,73,58,Virgo
984,0,1,11,15,984,63,2,42,26,Ophiuchus
985,0,1,4,13,985,15,63,79,63,Aries
986,1,1,12,1,986,2,84,19,69,Sagittarius
987,0,1,7,29,987,17,61,47,40,Leo
988,1,1,2,12,988,62,83,27,7,Aquarius
989,1,1,12,27,989,21,40,78,93,Capricornus
990,1,1,6,15,990,91,17,2,78,Gemini
991,1,1,6,13,991,62,64,3,27,Gemini
992,0,1,3,24,992,91,67,82,44,Aries
993,1,1,4,3,993,23,32,14,30,Aries
994,0,1,8,20,994,40,2,44,41,Leo
995,1,1,7,19,995,18,42,81,4,Leo
996,0,1,7,17,996,47,47,54,85,Leo
997,1,1,3,5,997,77,2,50,71,Pisces
998,1,1,11,24,998,9,33,4,12,Sagittarius
999,1,1,1,28,999,49,76,41,43,Aquarius
