0,1,1,10,9,0,44,65,63,43,Libra
1,0,1,8,5,1,42,55,57,90,Leo
2,0,1,1,23,2,28,7,38,53,Aquarius
3,0,1,2,3,3,37,100,23,77,Aquarius
4,0,1,8,11,4,11,94,31,26,Leo
5,0,1,8,9,5,72,98,35,9,Leo
6,1,1,3,29,6,55,23,56,17,Aries
7,0,1,2,15,7,68,28,78,14,Pisces
8,1,1,6,16,8,36,25,15,93,Gemini
9,0,1,1,21,9,92,21,64,100,Aquarius
10,1,1,11,12,10,1,23,36,6,Ophiuchus
11,0,1,5,16,11,83,30,87,53,Taurus
12,1,1,8,4,12,25,32,59,11,Leo
13,0,1,10,22,13,13,90,76,34,Libra
14,1,1,11,26,14,72,17,56,73,Sagittarius
15,1,1,6,23,15,66,99,3,36,Gemini
16,0,1,12,19,16,81,66,98,10,Sagittarius
17,1,1,8,29,17,63,95,22,49,Virgo
18,1,1,4,16,18,66,16,69,10,Aries
19,0,1,4,6,19,59,26,33,43,Aries
20,0,1,10,8,20,2,72,73,86,Libra
21,1,1,8,6,21,48,22,97,70,Leo
22,0,1,2,13,22,80,37,18,82,Aquarius
23,0,1,12,24,23,26,2,50,33,Sagittarius
24,1,1,8,27,24,23,61,22,42,Virgo
25,1,1,2,18,25,67,61,78,93,Pisces
26,0,1,9,24,26,55,3,90,65,Virgo
27,0,1,3,5,27,96,9,63,11,Pisces
28,0,1,6,13,28,66,63,34,67,Gemini
29,0,1,11,23,29,28,21,86,1,Sagittarius
30,1,1,11,11,30,81,8,18,33,Ophiuchus
31,0,1,8,13,31,75,4,92,18,Leo
32,0,1,10,3,32,99,62,38,64,Virgo
33,0,1,5,31,33,8,52,17,29,Gemini
34,1,1,12,28,34,93,54,54,80,Capricornus
35,1,1,11,17,35,50,98,88,89,Ophiuchus
36,1,1,6,23,36,83,72,2,39,Gemini
37,0,1,3,30,37,13,73,47,75,Aries
38,1,1,2,9,38,49,48,81,32,Aquarius
39,0,1,5,31,39,25,12,12,42,Gemini
40,1,1,10,3,40,54,32,34,9,Virgo
41,0,1,2,5,41,73,51,62,19,Aquarius
42,0,1,3,15,42,50,83,61,71,Pisces
43,1,1,12,24,43,81,23,44,46,Sagittarius
44,0,1,10,31,44,37,9,62,7,Scorpius
45,1,1,6,29,45,88,6,98,48,Cancer
46,1,1,8,26,46,64,80,90,21,Virgo
47,0,1,6,14,47,70,83,82,33,Gemini
48,1,1,7,15,48,31,98,21,25,Cancer
49,1,1,9,20,49,71,20,14,81,Virgo
50,1,1,1,23,50,60,43,24,72,Aquarius
51,1,1,12,17,51,28,13,44,64,Sagittarius
52,1,1,5,15,52,75,97,94,1,Taurus
53,0,1,4,9,53,3,28,65,11,Aries
54,1,1,3,10,54,3,59,37,72,Pisces
55,1,1,2,9,55,20,34,81,81,Aquarius
56,0,1,12,3,56,87,19,66,60,Sagittarius
57,1,1,6,19,57,31,86,13,66,Gemini
58,0,1,4,1,58,46,58,69,30,Aries
59,0,1,9,5,59,60,59,24,1,Virgo
60,1,1,7,12,60,29,87,5,28,Cancer
61,1,1,1,20,61,75,1,98,37,Capricornus
62,1,1,8,28,62,15,51,58,19,Virgo
63,1,1,11,9,63,18,62,7,60,Ophiuchus
64,1,1,5,17,64,70,39,72,55,Taurus
65,0,1,5,5,65,36,91,65,3,Taurus
66,0,1,11,9,66,50,75,4,87,Ophiuchus
67,1,1,1,25,67,36,69,50,71,Aquarius
68,0,1,11,8,68,18,47,20,28,Ophiuchus
69,0,1,2,5,69,44,22,4,9,Aquarius
70,0,1,4,16,70,69,24,89,27,Aries
71,0,1,12,2,71,86,83,49,44,Sagittarius
72,0,1,4,6,72,23,91,1,16,Aries
73,1,1,2,22,73,72,100,48,20,Pisces
74,0,1,7,29,74,36,29,24,58,Leo
75,0,1,1,30,75,18,37,74,19,Aquarius
76,0,1,3,3,76,24,92,77,65,Pisces
77,0,1,2,24,77,74,58,81,8,Pisces
78,0,1,7,16,78,25,27,88,36,Leo
79,1,1,4,6,79,5,51,19,1,Aries
80,1,1,9,2,80,52,30,77,13,Virgo
81,1,1,4,23,81,24,68,68,15,Taurus
82,0,1,1,7,82,44,100,33,59,Capricornus
83,1,1,11,3,83,2,14,48,36,Scorpius
84,0,1,9,5,84,74,31,32,54,Virgo
85,1,1,12,28,85,76,69,77,13,Capricornus
86,1,1,8,25,86,7,99,65,43,Virgo
87,0,1,8,3,87,26,12,66,30,Leo
88,0,1,6,30,88,86,36,43,72,Cancer
89,0,1,5,4,89,57,1,57,97,Taurus
90,0,1,9,22,90,13,29,37,56,Virgo
91,0,1,7,23,91,40,66,72,5,Leo
92,1,1,6,21,92,99,20,92,43,Gemini
93,1,1,4,4,93,67,2,29,99,Aries
94,0,1,9,8,94,77,32,73,28,Virgo
95,1,1,11,25,95,7,51,82,48,Sagittarius
96,0,1,4,7,96,12,15,96,9,Aries
97,1,1,10,1,97,31,17,66,69,Virgo
98,1,1,10,2,98,74,25,49,6,Virgo
99,1,1,2,2,99,36,81,7,22,Aquarius
100,1,1,10,24,100,17,16,30,19,Libra
101,0,1,1,16,101,75,42,14,20,Capricornus
102,0,1,8,4,102,79,79,90,23,Leo
103,0,1,4,23,103,15,19,19,45,Taurus
104,0,1,4,7,104,83,54,6,26,Aries
105,0,1,12,13,105,2,78,90,13,Sagittarius
106,1,1,3,27,106,81,76,24,61,Aries
107,0,1,1,16,107,72,19,57,85,Capricornus
108,1,1,8,19,108,61,97,54,40,Leo
109,0,1,7,19,109,86,57,95,51,Leo
110,1,1,4,7,110,44,23,52,8,Aries
111,0,1,10,24,111,10,15,57,48,Libra
112,1,1,8,30,112,24,89,31,60,Virgo
113,1,1,6,10,113,67,100,55,6,Gemini
114,1,1,12,3,114,97,34,16,84,Sagittarius
115,1,1,9,8,115,73,48,14,78,Virgo
116,0,1,9,15,116,13,72,81,14,Virgo
117,1,1,3,18,117,57,69,4,37,Pisces
118,1,1,3,25,118,63,3,20,63,Aries
119,1,1,12,18,119,40,34,99,23,Sagittarius
120,0,1,8,4,120,34,71,37,82,Leo
121,0,1,10,30,121,55,78,40,34,Scorpius
122,1,1,9,23,122,88,12,89,69,Virgo
123,1,1,7,18,123,61,35,22,60,Leo
124,0,1,6,15,124,56,2,4,65,Gemini
125,0,1,5,3,125,12,26,43,26,Taurus
126,0,1,7,3,126,99,42,39,6,Cancer
127,1,1,11,6,127,90,91,20,54,Ophiuchus
128,0,1,5,4,128,65,62,7,99,Taurus
129,1,1,5,26,129,80,63,83,19,Taurus
130,0,1,1,14,130,93,75,25,11,Capricornus
131,0,1,10,25,131,92,16,72,1,Libra
132,1,1,1,8,132,15,60,83,8,Capricornus
133,1,1,4,26,133,96,21,88,2,Taurus
134,1,1,8,12,134,93,52,31,27,Leo
135,0,1,11,26,135,74,12,15,83,Sagittarius
136,1,1,9,4,136,15,36,18,13,Virgo
137,0,1,10,19,137,65,98,72,65,Libra
138,1,1,6,6,138,7,23,1,35,Gemini
139,0,1,12,16,139,40,86,93,91,Sagittarius
140,0,1,12,21,140,57,36,39,100,Sagittarius
141,1,1,12,6,141,17,51,33,80,Sagittarius
142,1,1,12,4,142,52,15,2,86,Sagittarius
143,0,1,12,30,143,80,29,35,86,Capricornus
144,0,1,4,17,144,95,71,2,11,Aries
145,0,1,8,20,145,75,86,60,38,Leo
146,1,1,5,23,146,3,49,48,94,Taurus
147,1,1,12,31,147,15,52,89,9,Capricornus
148,1,1,7,29,148,55,59,17,10,Leo
149,1,1,2,23,149,25,11,15,7,Pisces
150,1,1,9,16,150,75,65,87,24,Virgo
151,1,1,4,3,151,87,17,73,35,Aries
152,0,1,8,18,152,8,87,84,77,Leo
153,0,1,7,3,153,25,6,72,97,Cancer
154,0,1,9,25,154,29,6,92,65,Virgo
155,1,1,5,9,155,11,76,45,4,Taurus
156,0,1,11,9,156,90,55,9,81,Ophiuchus
157,1,1,12,3,157,10,96,63,90,Sagittarius
158,0,1,10,31,158,37,72,91,50,Scorpius
159,0,1,2,16,159,90,24,96,9,Pisces
160,1,1,6,11,160,64,39,83,44,Gemini
161,0,1,8,13,161,71,20,1,58,Leo
162,1,1,6,29,162,88,71,90,15,Cancer
163,0,1,3,6,163,73,33,4,63,Pisces
164,0,1,8,30,164,49,63,6,43,Virgo
165,1,1,3,28,165,90,99,19,19,Aries
166,1,1,6,24,166,28,72,65,27,Gemini
167,1,1,2,22,167,8,73,89,95,Pisces
168,1,1,5,17,168,4,21,65,10,Taurus
169,0,1,2,27,169,84,88,27,3,Pisces
170,0,1,8,13,170,80,27,94,38,Leo
171,0,1,6,17,171,100,27,99,67,Gemini
172,0,1,12,23,172,94,20,12,78,Sagittarius
173,1,1,3,17,173,94,78,20,73,Pisces
174,0,1,5,23,174,19,50,87,40,Taurus
175,0,1,6,24,175,68,10,76,37,Gemini
176,1,1,12,6,176,70,45,6,95,Sagittarius
177,0,1,10,16,177,62,63,38,87,Libra
178,1,1,6,6,178,73,42,29,50,Gemini
179,1,1,12,17,179,19,23,26,68,Sagittarius
180,1,1,11,13,180,68,66,4,29,Ophiuchus
181,0,1,3,12,181,9,16,18,96,Pisces
182,0,1,5,28,182,36,71,45,17,Gemini
183,1,1,12,2,183,29,65,5,98,Sagittarius
184,1,1,10,29,184,66,3,40,23,Scorpius
185,0,1,5,20,185,75,78,96,46,Taurus
186,0,1,7,17,186,84,93,32,5,Leo
187,1,1,12,22,187,53,62,72,80,Sagittarius
188,0,1,2,5,188,98,11,14,29,Aquarius
189,0,1,9,12,189,28,22,27,26,Virgo
190,1,1,8,3,190,65,12,75,97,Leo
191,0,1,1,25,191,100,63,43,78,Aquarius
192,1,1,3,27,192,70,45,66,66,Aries
193,1,1,10,20,193,85,62,10,29,Libra
194,0,1,2,10,194,33,16,35,40,Aquarius
195,0,1,1,3,195,17,36,82,87,Capricornus
196,1,1,6,22,196,83,59,47,57,Gemini
197,1,1,11,7,197,43,6,14,34,Ophiuchus
198,0,1,11,15,198,70,51,3,87,Ophiuchus
199,0,1,4,4,199,8,48,23,82,Aries
200,1,1,9,18,200,33,1,91,89,Virgo
201,1,1,1,23,201,70,91,6,85,Aquarius
202,1,1,12,7,202,49,83,100,26,Sagittarius
203,1,1,11,10,203,2,45,58,92,Ophiuchus
204,0,1,6,6,204,20,51,66,95,Gemini
205,0,1,6,14,205,10,32,46,44,Gemini
206,0,1,1,31,206,33,79,41,79,Aquarius
207,1,1,2,22,207,46,57,30,6,Pisces
208,0,1,9,19,208,34,5,93,1,Virgo
209,0,1,10,5,209,64,58,42,56,Virgo
210,1,1,10,14,210,37,99,12,5,Libra
211,1,1,3,3,211,13,49,67,93,Pisces
212,1,1,8,4,212,71,12,20,19,Leo
213,1,1,2,5,213,26,65,17,28,Aquarius
214,0,1,1,12,214,97,8,66,14,Capricornus
215,1,1,11,23,215,10,61,80,64,Sagittarius
216,0,1,1,26,216,55,36,32,27,Aquarius
217,0,1,1,19,217,78,1,93,63,Capricornus
218,1,1,12,26,218,52,42,9,11,Capricornus
219,0,1,9,18,219,35,36,9,82,Virgo
220,0,1,7,16,220,89,98,77,91,Leo
221,0,1,9,9,221,32,30,37,41,Virgo
222,1,1,3,18,222,62,69,18,74,Pisces
223,1,1,3,7,223,8,65,24,78,Pisces
224,1,1,11,18,224,26,14,52,97,Ophiuchus
225,1,1,1,17,225,74,80,6,44,Capricornus
226,1,1,8,18,226,61,1,96,76,Leo
227,0,1,6,23,227,34,22,37,10,Gemini
228,0,1,3,24,228,87,11,75,89,Aries
229,0,1,11,28,229,31,71,96,84,Sagittarius
230,1,1,9,30,230,85,78,22,41,Virgo
231,1,1,9,8,231,4,33,77,38,Virgo
232,0,1,10,13,232,71,24,38,14,Libra
233,0,1,9,25,233,26,34,74,66,Virgo
234,0,1,9,4,234,42,43,25,8,Virgo
235,0,1,3,18,235,33,53,59,67,Pisces
236,0,1,11,10,236,49,86,34,32,Ophiuchus
237,1,1,12,6,237,10,43,10,48,Sagittarius
238,1,1,3,7,238,86,73,78,64,Pisces
239,0,1,6,4,239,59,36,16,45,Gemini
240,0,1,12,29,240,28,75,46,10,Capricornus
241,1,1,10,21,241,94,45,89,46,Libra
242,1,1,2,3,242,20,15,86,90,Aquarius
243,1,1,4,26,243,31,86,79,69,Taurus
244,0,1,11,21,244,64,57,62,70,Ophiuchus
245,1,1,11,18,245,66,63,32,62,Ophiuchus
246,0,1,12,4,246,29,69,34,97,Sagittarius
247,0,1,4,27,247,59,19,12,31,Taurus
248,1,1,5,8,248,28,39,86,82,Taurus
249,0,1,11,15,249,95,41,26,40,Ophiuchus
250,0,1,11,19,250,37,51,88,25,Ophiuchus
251,1,1,9,25,251,8,5,76,94,Virgo
252,1,1,11,18,252,39,62,64,77,Ophiuchus
253,0,1,3,7,253,83,40,72,92,Pisces
254,0,1,5,27,254,24,5,62,33,Gemini
255,0,1,6,27,255,35,28,87,78,Cancer
256,1,1,1,27,256,56,89,96,29,Aquarius
257,1,1,8,30,257,66,52,66,58,Virgo
258,0,1,9,16,258,25,93,86,56,Virgo
259,0,1,4,12,259,1,79,66,29,Aries
260,0,1,1,27,260,44,46,66,31,Aquarius
261,1,1,2,3,261,23,7,22,26,Aquarius
262,0,1,2,4,262,47,65,20,46,Aquarius
263,1,1,11,26,263,70,69,38,38,Sagittarius
264,0,1,5,8,264,45,53,90,35,Taurus
265,1,1,9,27,265,57,86,70,11,Virgo
266,0,1,7,14,266,29,97,70,92,Cancer
267,0,1,10,5,267,24,44,7,17,Virgo
268,1,1,8,20,268,1,84,75,71,Leo
269,1,1,1,9,269,94,90,90,27,Capricornus
270,1,1,5,1,270,95,30,82,69,Taurus
271,0,1,10,19,271,60,32,34,95,Libra
272,1,1,5,1,272,26,67,24,12,Taurus
273,0,1,3,3,273,67,83,17,32,Pisces
274,0,1,6,1,274,38,25,22,93,Gemini
275,1,1,5,23,275,48,32,55,76,Taurus
276,0,1,5,20,276,2,72,41,78,Taurus
277,0,1,9,6,277,26,63,68,93,Virgo
278,0,1,5,2,278,33,11,30,40,Taurus
279,0,1,11,5,279,66,33,76,15,Ophiuchus
280,0,1,3,21,280,70,44,58,51,Pisces
281,0,1,8,14,281,81,27,10,48,Leo
282,0,1,9,16,282,67,59,63,2,Virgo
283,0,1,1,19,283,68,83,93,73,Capricornus
284,1,1,5,3,284,63,68,45,93,Taurus
285,0,1,4,23,285,37,93,92,30,Taurus
286,1,1,1,28,286,68,40,34,22,Aquarius
287,0,1,10,17,287,47,36,97,86,Libra
288,1,1,7,1,288,64,3,73,63,Cancer
289,1,1,12,31,289,50,37,38,38,Capricornus
290,1,1,9,14,290,80,56,6,33,Virgo
291,0,1,5,1,291,47,22,26,9,Taurus
292,1,1,11,3,292,72,24,18,50,Scorpius
293,0,1,6,24,293,2,84,44,1,Gemini
294,1,1,5,8,294,16,16,89,66,Taurus
295,0,1,3,3,295,80,14,24,47,Pisces
296,1,1,9,28,296,48,80,30,33,Virgo
297,1,1,12,8,297,68,49,10,84,Sagittarius
298,1,1,10,30,298,96,33,87,93,Scorpius
299,1,1,11,6,299,41,6,84,95,Ophiuchus
300,1,1,1,24,300,33,58,66,27,Aquarius
301,1,1,11,12,301,69,90,97,80,Ophiuchus
302,0,1,8,15,302,71,60,82,26,Leo
303,1,1,12,12,303,57,86,97,46,Sagittarius
304,1,1,3,19,304,29,71,56,9,Pisces
305,0,1,10,19,305,68,59,79,35,Libra
306,0,1,3,9,306,25,84,48,4,Pisces
307,0,1,12,19,307,25,62,32,5,Sagittarius
308,0,1,4,22,308,39,79,22,29,Taurus
309,1,1,12,22,309,40,25,20,88,Sagittarius
310,0,1,9,24,310,26,90,95,86,Virgo
311,1,1,9,8,311,41,62,67,62,Virgo
312,0,1,4,21,312,93,12,90,34,Taurus
313,1,1,7,18,313,27,55,79,22,Leo
314,1,1,3,3,314,85,38,4,48,Pisces
315,1,1,4,29,315,68,92,7,49,Taurus
316,1,1,8,23,316,95,89,26,80,Virgo
317,1,1,4,30,317,22,52,57,21,Taurus
318,1,1,10,30,318,27,98,29,96,Scorpius
319,1,1,10,24,319,72,27,67,38,Libra
320,0,1,10,15,320,42,29,36,35,Libra
321,1,1,2,6,321,41,76,43,43,Aquarius
322,1,1,10,2,322,33,10,29,92,Virgo
323,0,1,12,2,323,23,86,95,5,Sagittarius
324,0,1,2,27,324,67,21,51,8,Pisces
325,1,1,7,12,325,33,24,60,20,Cancer
326,1,1,5,9,326,58,71,76,44,Taurus
327,0,1,2,12,327,65,96,46,75,Aquarius
328,0,1,9,22,328,71,78,66,44,Virgo
329,0,1,9,18,329,47,72,83,47,Virgo
330,0,1,1,17,330,85,91,88,79,Capricornus
331,1,1,9,11,331,81,87,72,49,Virgo
332,1,1,10,5,332,66,94,62,79,Virgo
333,1,1,10,14,333,93,18,94,11,Libra
334,1,1,9,24,334,19,99,11,77,Virgo
335,0,1,3,12,335,23,85,43,23,Pisces
336,0,1,1,29,336,2,83,77,84,Aquarius
337,0,1,1,11,337,32,79,68,41,Capricornus
338,0,1,1,13,338,91,46,24,49,Capricornus
339,1,1,6,29,339,71,60,6,46,Cancer
340,1,1,11,15,340,36,52,46,18,Ophiuchus
341,0,1,1,10,341,93,41,25,24,Capricornus
342,0,1,9,25,342,41,12,99,40,Virgo
343,0,1,3,21,343,78,81,32,49,Pisces
344,1,1,6,13,344,7,48,63,28,Gemini
345,1,1,10,29,345,57,31,29,56,Scorpius
346,1,1,2,17,346,65,64,47,53,Pisces
347,0,1,2,3,347,24,76,75,32,Aquarius
348,0,1,1,18,348,70,13,46,96,Capricornus
349,0,1,11,2,349,56,30,42,91,Scorpius
350,0,1,7,19,350,55,28,40,22,Leo
351,0,1,11,19,351,73,100,33,11,Ophiuchus
352,1,1,4,29,352,19,44,15,19,Taurus
353,0,1,6,13,353,25,98,92,90,Gemini
354,1,1,3,30,354,29,63,9,72,Aries
355,0,1,3,13,355,93,13,12,58,Pisces
356,1,1,3,2,356,5,57,18,61,Pisces
357,0,1,8,22,357,14,11,79,4,Virgo
358,1,1,9,26,358,36,55,14,79,Virgo
359,1,1,7,14,359,71,73,63,82,Cancer
360,0,1,5,23,360,17,44,18,85,Taurus
361,0,1,12,9,361,8,37,48,84,Sagittarius
362,0,1,9,23,362,22,38,81,66,Virgo
363,0,1,8,1,363,1,56,68,60,Leo
364,0,1,8,5,364,7,97,28,49,Leo
365,0,1,10,25,365,97,7,14,69,Libra
366,1,1,11,13,366,33,89,11,24,Ophiuchus
367,0,1,7,7,367,13,73,100,87,Cancer
368,0,1,9,18,368,77,26,90,83,Virgo
369,0,1,2,19,369,69,55,32,89,Pisces
370,1,1,2,16,370,24,59,5,78,Pisces
371,1,1,10,2,371,6,4,83,69,Virgo
372,1,1,2,9,372,54,99,55,4,Aquarius
373,0,1,12,29,373,58,60,72,12,Capricornus
374,1,1,7,26,374,31,25,94,91,Leo
375,1,1,9,1,375,28,8,31,56,Virgo
376,0,1,11,24,376,46,96,63,73,Sagittarius
377,0,1,4,2,377,6,95,5,96,Aries
378,1,1,1,12,378,79,16,56,92,Capricornus
379,1,1,10,12,379,49,69,74,53,Libra
380,1,1,8,22,380,27,1,41,65,Virgo
381,0,1,10,16,381,35,18,25,72,Libra
382,1,1,7,11,382,68,22,89,73,Cancer
383,1,1,1,29,383,43,86,58,17,Aquarius
384,0,1,10,6,384,32,4,62,42,Libra
385,1,1,1,28,385,62,44,14,5,Aquarius
386,1,1,5,21,386,24,95,29,63,Taurus
387,1,1,6,23,387,36,69,17,1,Gemini
388,1,1,7,27,388,26,1,81,71,Leo
389,1,1,10,3,389,91,89,62,35,Virgo
390,1,1,6,21,390,22,30,53,41,Gemini
391,1,1,12,30,391,3,62,11,77,Capricornus
392,1,1,3,27,392,50,48,7,64,Aries
393,0,1,7,3,393,19,74,22,32,Cancer
394,1,1,9,9,394,77,69,29,16,Virgo
395,1,1,5,17,395,44,16,3,16,Taurus
396,0,1,5,7,396,85,6,13,84,Taurus
397,1,1,5,24,397,66,49,85,6,Taurus
398,1,1,9,8,398,21,75,54,31,Virgo
399,1,1,1,10,399,96,68,33,21,Capricornus
400,1,1,10,23,400,81,81,69,41,Libra
401,0,1,4,16,401,62,54,31,91,Aries
402,1,1,2,17,402,2,72,87,82,Pisces
403,1,1,1,23,403,12,81,61,47,Aquarius
404,1,1,11,6,404,73,33,43,39,Ophiuchus
405,0,1,2,21,405,75,100,43,47,Pisces
406,0,1,10,8,406,90,60,86,61,Libra
407,0,1,3,14,407,67,41,100,46,Pisces
408,1,1,3,8,408,62,21,35,66,Pisces
409,1,1,11,25,409,72,67,86,6,Sagittarius
410,0,1,2,11,410,87,41,85,30,Aquarius
411,1,1,6,5,411,11,84,15,35,Gemini
412,0,1,7,6,412,75,51,67,72,Cancer
413,0,1,8,28,413,81,21,93,18,Virgo
414,1,1,6,19,414,60,27,36,36,Gemini
415,1,1,5,22,415,34,61,12,73,Taurus
416,1,1,7,30,416,97,60,51,87,Leo
417,1,1,5,4,417,8,29,16,58,Taurus
418,1,1,4,16,418,62,87,50,53,Aries
419,0,1,3,16,419,93,33,26,68,Pisces
420,0,1,6,13,420,42,27,64,99,Gemini
421,1,1,1,27,421,92,35,5,63,Aquarius
422,0,1,7,31,422,87,85,74,69,Leo
423,0,1,7,1,423,45,99,73,71,Cancer
424,1,1,3,24,424,59,90,9,73,Aries
425,1,1,8,18,425,81,6,6,42,Leo
426,1,1,7,28,426,30,6,29,49,Leo
427,1,1,8,5,427,100,56,71,15,Leo
428,1,1,12,18,428,61,26,93,99,Sagittarius
429,1,1,2,10,429,35,79,51,73,Aquarius
430,0,1,2,8,430,78,5,72,45,Aquarius
431,1,1,5,17,431,30,56,13,20,Taurus
432,0,1,5,25,432,6,46,8,47,Taurus
433,1,1,11,21,433,73,45,54,54,Ophiuchus
434,1,1,9,22,434,24,6,79,88,Virgo
435,0,1,6,4,435,33,14,51,62,Gemini
436,0,1,7,15,436,51,94,75,78,Cancer
437,0,1,1,6,437,15,58,23,35,Capricornus
438,1,1,10,14,438,46,97,85,32,Libra
439,0,1,9,24,439,97,63,78,69,Virgo
440,0,1,5,8,440,26,76,66,99,Taurus
441,0,1,9,19,441,27,94,50,47,Virgo
442,0,1,3,3,442,22,40,87,16,Pisces
443,0,1,10,11,443,78,65,16,40,Libra
444,1,1,10,8,444,21,60,33,21,Libra
445,0,1,11,16,445,33,8,17,23,Ophiuchus
446,1,1,10,10,446,68,75,80,36,Libra
447,1,1,1,1,447,76,38,96,91,Capricornus
448,1,1,11,5,448,82,24,80,31,Ophiuchus
449,1,1,1,21,449,31,66,8,27,Aquarius
450,1,1,8,17,450,53,96,58,36,Leo
451,1,1,3,28,451,27,32,91,13,Aries
452,1,1,6,15,452,19,28,7,44,Gemini
453,1,1,2,20,453,22,34,46,90,Pisces
454,0,1,8,6,454,37,27,66,26,Leo
455,0,1,5,4,455,85,54,39,14,Taurus
456,0,1,1,20,456,48,7,93,24,Capricornus
457,1,1,5,22,457,69,34,56,65,Taurus
458,0,1,5,21,458,44,66,40,95,Taurus
459,1,1,7,25,459,83,25,92,7,Leo
460,0,1,9,9,460,36,72,69,30,Virgo
461,1,1,1,19,461,99,51,58,95,Capricornus
462,1,1,7,4,462,46,38,53,43,Cancer
463,1,1,5,9,463,30,62,48,48,Taurus
464,0,1,5,25,464,48,37,69,21,Taurus
465,1,1,6,26,465,55,67,49,68,Cancer
466,1,1,6,28,466,22,84,22,8,Cancer
467,0,1,8,1,467,63,35,13,62,Leo
468,0,1,10,15,468,17,11,23,48,Libra
469,0,1,2,20,469,36,58,73,11,Pisces
470,0,1,9,12,470,94,46,93,69,Virgo
471,0,1,8,21,471,94,64,70,64,Leo
472,0,1,7,25,472,61,44,59,20,Leo
473,0,1,5,27,473,76,41,99,98,Gemini
474,0,1,8,29,474,59,45,79,84,Virgo
475,1,1,9,19,475,67,45,32,78,Virgo
476,0,1,2,2,476,87,95,38,59,Aquarius
477,1,1,1,9,477,41,43,26,44,Capricornus
478,0,1,3,19,478,100,20,68,27,Pisces
479,1,1,3,25,479,100,82,96,41,Aries
480,1,1,9,22,480,29,40,10,8,Virgo
481,0,1,5,6,481,43,8,93,56,Taurus
482,0,1,12,9,482,33,75,22,20,Sagittarius
483,1,1,9,17,483,82,81,80,56,Virgo
484,0,1,4,22,484,39,5,19,13,Taurus
485,0,1,4,17,485,57,42,33,31,Aries
486,1,1,1,19,486,82,96,6,69,Capricornus
487,1,1,4,7,487,52,70,76,50,Aries
488,1,1,12,2,488,91,94,81,40,Sagittarius
489,0,1,3,7,489,40,50,6,45,Pisces
490,1,1,11,12,490,60,99,3,8,Ophiuchus
491,1,1,1,21,491,47,47,1,87,Aquarius
492,1,1,12,13,492,79,66,46,87,Sagittarius
493,0,1,3,29,493,78,20,92,79,Aries
494,0,1,8,19,494,39,82,90,13,Leo
495,0,1,1,22,495,98,100,57,82,Aquarius
496,0,1,11,24,496,45,87,9,56,Sagittarius
497,1,1,4,16,497,74,13,4,3,Aries
498,1,1,2,27,498,95,68,98,64,Pisces
499,0,1,10,29,499,57,1,51,63,Scorpius
500,0,1,2,12,500,6,62,40,30,Aquarius
501,1,1,12,27,501,95,89,89,98,Capricornus
502,1,1,4,20,502,96,80,53,42,Taurus
503,1,1,12,21,503,16,42,38,78,Sagittarius
504,1,1,11,1,504,45,97,86,45,Scorpius
505,0,1,6,11,505,71,29,12,88,Gemini
506,0,1,3,11,506,68,71,69,42,Pisces
507,1,1,12,10,507,99,65,79,51,Sagittarius
508,1,1,8,2,508,73,37,58,78,Leo
509,1,1,12,27,509,95,87,64,11,Capricornus
510,1,1,11,26,510,57,87,55,87,Sagittarius
511,0,1,6,27,511,95,71,77,75,Cancer
512,0,1,10,1,512,16,48,48,70,Virgo
513,1,1,10,29,513,62,53,1,62,Scorpius
514,0,1,11,20,514,65,39,59,3,Ophiuchus
515,1,1,2,6,515,59,32,85,83,Aquarius
516,0,1,9,23,516,29,9,3,20,Virgo
517,0,1,10,10,517,75,29,56,43,Libra
518,1,1,8,15,518,61,91,8,73,Leo
519,0,1,12,4,519,99,22,26,100,Sagittarius
520,0,1,11,10,520,78,67,27,97,Ophiuchus
521,1,1,12,11,521,59,51,64,74,Sagittarius
522,0,1,3,5,522,84,99,28,92,Pisces
523,1,1,10,6,523,65,37,20,59,Libra
524,1,1,6,12,524,60,51,93,92,Gemini
525,1,1,9,18,525,24,94,29,100,Virgo
526,0,1,9,2,526,85,1,29,3,Virgo
527,1,1,4,8,527,97,71,91,39,Aries
528,0,1,2,6,528,63,10,92,8,Aquarius
529,1,1,6,7,529,56,83,33,74,Gemini
530,1,1,9,22,530,34,78,71,98,Virgo
531,1,1,10,27,531,2,95,64,41,Libra
532,1,1,12,4,532,54,78,98,84,Sagittarius
533,1,1,7,28,533,44,70,76,8,Leo
534,0,1,1,29,534,77,6,87,77,Aquarius
535,0,1,11,7,535,3,8,57,53,Ophiuchus
536,0,1,5,11,536,85,47,90,40,Taurus
537,0,1,3,14,537,30,7,35,91,Pisces
538,1,1,4,6,538,69,83,77,3,Aries
539,1,1,10,4,539,93,10,71,31,Virgo
540,0,1,2,7,540,42,90,52,91,Aquarius
541,1,1,4,22,541,83,80,94,93,Taurus
542,1,1,9,9,542,42,91,29,28,Virgo
543,0,1,10,29,543,20,77,100,29,Scorpius
544,1,1,1,26,544,33,14,8,35,Aquarius
545,0,1,7,11,545,64,72,15,63,Cancer
546,0,1,12,20,546,12,4,93,44,Sagittarius
547,1,1,7,30,547,90,7,42,76,Leo
548,1,1,12,2,548,7,39,71,87,Sagittarius
549,1,1,8,5,549,69,53,6,76,Leo
550,0,1,5,31,550,21,90,13,41,Gemini
551,1,1,4,19,551,98,31,76,22,Taurus
552,1,1,1,15,552,71,89,65,77,Capricornus
553,1,1,3,12,553,51,81,25,12,Pisces
554,1,1,8,20,554,92,24,61,87,Leo
555,1,1,10,15,555,77,31,93,96,Libra
556,0,1,3,31,556,58,87,38,38,Aries
557,0,1,7,30,557,62,5,68,61,Leo
558,1,1,10,30,558,49,87,45,75,Scorpius
559,0,1,7,12,559,68,57,51,98,Cancer
560,0,1,8,23,560,96,34,17,83,Virgo
561,1,1,1,12,561,85,97,25,72,Capricornus
562,0,1,2,7,562,32,60,12,53,Aquarius
563,1,1,9,11,563,42,87,2,90,Virgo
564,1,1,12,30,564,67,96,2,67,Capricornus
565,1,1,11,4,565,88,33,67,91,Ophiuchus
566,0,1,4,5,566,88,34,30,89,Aries
567,0,1,5,31,567,55,90,42,85,Gemini
568,0,1,1,29,568,84,70,35,81,Aquarius
569,1,1,10,30,569,95,15,88,48,Scorpius
570,0,1,3,8,570,91,63,42,78,Pisces
571,0,1,2,10,571,51,17,73,29,Aquarius
572,0,1,12,28,572,16,87,11,17,Capricornus
573,0,1,3,27,573,64,84,1,76,Aries
574,0,1,10,21,574,63,75,93,20,Libra
575,0,1,10,30,575,18,10,34,38,Scorpius
576,1,1,5,27,576,81,32,68,80,Gemini
577,1,1,5,31,577,49,95,72,89,Gemini
578,0,1,8,7,578,65,86,89,79,Leo
579,1,1,3,11,579,50,61,99,36,Pisces
580,1,1,4,23,580,22,69,96,1,Taurus
581,0,1,9,6,581,5,41,21,85,Virgo
582,0,1,5,25,582,60,79,68,59,Taurus
583,1,1,2,24,583,64,85,4,65,Pisces
584,1,1,4,20,584,91,40,77,37,Taurus
585,1,1,3,27,585,78,4,100,11,Aries
586,0,1,7,20,586,46,76,18,35,Leo
587,1,1,2,6,587,26,25,61,85,Aquarius
588,0,1,8,27,588,100,56,52,97,Virgo
589,1,1,8,22,589,8,73,27,18,Virgo
590,1,1,5,7,590,9,40,82,92,Taurus
591,0,1,4,18,591,31,13,86,23,Aries
592,0,1,1,24,592,6,57,87,2,Aquarius
593,1,1,7,30,593,42,91,48,99,Leo
594,1,1,10,24,594,4,40,73,86,Libra
595,1,1,6,29,595,50,4,98,52,Cancer
596,0,1,9,30,596,87,75,54,19,Virgo
597,0,1,2,16,597,61,90,89,46,Pisces
598,1,1,11,15,598,43,28,86,52,Ophiuchus
599,0,1,6,17,599,52,97,11,22,Gemini
600,1,1,6,11,600,28,17,24,85,Gemini
601,1,1,7,13,601,79,98,22,94,Cancer
602,1,1,10,1,602,1,21,39,12,Virgo
603,0,1,5,30,603,80,18,23,8,Gemini
604,0,1,2,11,604,24,15,48,31,Aquarius
605,1,1,1,19,605,28,40,86,79,Capricornus
606,1,1,8,30,606,64,16,20,72,Virgo
607,1,1,9,20,607,39,55,32,51,Virgo
608,1,1,12,6,608,17,83,96,22,Sagittarius
609,1,1,10,9,609,33,100,91,17,Libra
610,0,1,9,11,610,21,36,1,18,Virgo
611,1,1,11,9,611,93,82,40,6,Ophiuchus
612,0,1,5,16,612,51,93,89,66,Taurus
613,1,1,10,19,613,34,63,30,70,Libra
614,1,1,10,29,614,81,69,10,21,Scorpius
615,1,1,6,22,615,63,13,48,77,Gemini
616,0,1,6,16,616,63,87,91,14,Gemini
617,0,1,8,7,617,5,49,75,100,Leo
618,1,1,9,19,618,2,16,2,68,Virgo
619,0,1,4,19,619,50,69,37,76,Taurus
620,1,1,6,26,620,89,43,52,15,Cancer
621,0,1,3,3,621,50,62,100,80,Pisces
622,1,1,1,8,622,23,60,60,88,Capricornus
623,1,1,11,19,623,99,29,44,28,Ophiuchus
624,1,1,10,22,624,7,83,75,58,Libra
625,1,1,6,15,625,96,4,80,98,Gemini
626,0,1,3,10,626,92,5,91,42,Pisces
627,0,1,3,10,627,85,38,69,66,Pisces
628,0,1,6,4,628,43,29,7,7,Gemini
629,1,1,6,28,629,66,47,50,8,Cancer
630,1,1,11,2,630,85,26,76,83,Scorpius
631,1,1,2,8,631,25,39,12,58,Aquarius
632,1,1,1,25,632,52,4,13,52,Aquarius
633,0,1,9,9,633,16,82,97,2,Virgo
634,1,1,7,12,634,90,20,16,98,Cancer
635,0,1,12,9,635,96,39,5,45,Sagittarius
636,1,1,12,11,636,50,83,56,16,Sagittarius
637,1,1,3,6,637,5,9,64,21,Pisces
638,1,1,6,17,638,61,10,78,53,Gemini
639,0,1,4,8,639,84,90,98,59,Aries
640,0,1,6,10,640,21,19,34,24,Gemini
641,0,1,2,1,641,64,45,89,3,Aquarius
642,0,1,11,26,642,40,81,78,58,Sagittarius
643,1,1,6,29,643,61,82,90,52,Cancer
644,1,1,12,1,644,35,68,58,1,Sagittarius
645,0,1,11,22,645,14,8,19,38,Ophiuchus
646,1,1,5,30,646,71,60,69,40,Gemini
647,0,1,8,7,647,29,19,15,70,Leo
648,1,1,1,6,648,78,45,15,92,Capricornus
649,0,1,8,6,649,51,93,9,27,Leo
650,1,1,3,19,650,5,1,20,25,Pisces
651,1,1,7,16,651,76,25,71,55,Leo
652,0,1,4,20,652,78,14,88,65,Taurus
653,0,1,3,17,653,57,99,59,15,Pisces
654,0,1,8,16,654,8,30,14,39,Leo
655,0,1,7,26,655,26,79,88,79,Leo
656,1,1,4,16,656,58,12,29,43,Aries
657,0,1,1,5,657,41,31,44,53,Capricornus
658,0,1,1,18,658,63,15,92,9,Capricornus
659,0,1,6,25,659,81,45,82,5,Gemini
660,0,1,1,25,660,57,34,91,21,Aquarius
661,0,1,5,30,661,85,75,77,61,Gemini
662,1,1,7,4,662,89,100,76,63,Cancer
663,1,1,3,30,663,68,27,13,93,Aries
664,0,1,11,9,664,96,59,70,37,Ophiuchus
665,0,1,9,27,665,58,52,4,23,Virgo
666,0,1,10,16,666,36,43,6,62,Libra
667,0,1,8,24,667,37,57,34,9,Virgo
668,0,1,6,21,668,15,7,11,16,Gemini
669,0,1,12,19,669,66,100,73,66,Sagittarius
670,0,1,11,15,670,97,31,56,35,Ophiuchus
671,0,1,1,23,671,51,6,48,46,Aquarius
672,1,1,10,19,672,64,14,94,53,Libra
673,1,1,12,4,673,9,34,22,55,Sagittarius
674,1,1,8,9,674,51,43,15,99,Leo
675,1,1,5,23,675,15,39,18,11,Taurus
676,0,1,7,30,676,96,40,48,37,Leo
677,0,1,9,10,677,79,44,63,4,Virgo
678,1,1,3,12,678,38,69,88,20,Pisces
679,1,1,8,7,679,49,95,40,39,Leo
680,0,1,3,31,680,6,48,86,68,Aries
681,1,1,5,3,681,39,35,41,51,Taurus
682,0,1,1,14,682,73,57,45,6,Capricornus
683,1,1,12,30,683,97,81,66,48,Capricornus
684,1,1,1,6,684,35,1,29,27,Capricornus
685,1,1,2,13,685,60,14,31,32,Aquarius
686,1,1,6,1,686,58,32,66,44,Gemini
687,1,1,12,30,687,16,68,65,31,Capricornus
688,0,1,11,30,688,37,21,45,65,Sagittarius
689,0,1,6,7,689,79,100,41,8,Gemini
690,0,1,12,12,690,94,32,94,47,Sagittarius
691,1,1,6,28,691,16,53,91,21,Cancer
692,1,1,5,6,692,27,42,89,97,Taurus
693,1,1,4,20,693,36,14,49,76,Taurus
694,1,1,12,30,694,62,2,56,60,Capricornus
695,1,1,10,8,695,10,91,33,49,Libra
696,1,1,12,29,696,65,69,53,79,Capricornus
697,0,1,6,20,697,22,30,80,56,Gemini
698,0,1,4,25,698,15,63,24,82,Taurus
699,0,1,3,9,699,64,73,45,10,Pisces
700,0,1,12,6,700,89,24,40,28,Sagittarius
701,0,1,1,12,701,64,30,87,77,Capricornus
702,0,1,11,3,702,98,99,57,17,Scorpius
703,0,1,4,12,703,47,93,4,7,Aries
704,1,1,2,11,704,28,34,89,24,Aquarius
705,0,1,4,13,705,45,13,38,62,Aries
706,1,1,11,14,706,51,93,1,97,Ophiuchus
707,0,1,10,20,707,19,74,54,95,Libra
708,1,1,9,10,708,44,11,93,5,Virgo
709,0,1,6,25,709,51,6,75,23,Gemini
710,0,1,3,25,710,62,4,37,34,Aries
711,0,1,5,3,711,70,95,13,95,Taurus
712,0,1,7,15,712,11,30,5,66,Cancer
713,1,1,1,2,713,31,87,59,23,Capricornus
714,1,1,3,15,714,81,69,84,41,Pisces
715,0,1,10,2,715,21,80,6,92,Virgo
716,0,1,4,27,716,91,66,10,77,Taurus
717,1,1,11,25,717,8,82,25,15,Sagittarius
718,1,1,5,9,718,45,91,71,75,Taurus
719,0,1,11,18,719,18,64,55,84,Ophiuchus
720,1,1,7,13,720,51,92,100,19,Cancer
721,1,1,2,13,721,94,15,64,53,Aquarius
722,0,1,2,20,722,28,21,83,24,Pisces
723,1,1,9,7,723,81,23,79,62,Virgo
724,1,1,1,23,724,79,45,42,11,Aquarius
725,1,1,11,5,725,60,82,75,28,Ophiuchus
726,0,1,5,18,726,99,100,57,16,Taurus
727,1,1,3,14,727,90,96,24,68,Pisces
728,1,1,1,2,728,37,56,22,33,Capricornus
729,0,1,4,20,729,51,58,35,10,Taurus
730,0,1,12,18,730,50,50,52,38,Sagittarius
731,0,1,10,4,731,67,99,45,68,Virgo
732,1,1,1,10,732,4,63,77,17,Capricornus
733,0,1,8,14,733,20,67,40,51,Leo
734,0,1,7,5,734,42,32,41,41,Cancer
735,0,1,10,7,735,98,19,14,95,Libra
736,1,1,3,4,736,74,50,86,36,Pisces
737,1,1,6,26,737,12,45,53,81,Cancer
738,0,1,9,21,738,83,25,78,14,Virgo
739,1,1,5,25,739,26,50,66,51,Taurus
740,0,1,3,18,740,90,11,63,12,Pisces
741,0,1,12,12,741,44,72,57,38,Sagittarius
742,0,1,6,27,742,51,20,63,75,Cancer
743,1,1,10,27,743,27,23,88,91,Libra
744,0,1,5,18,744,55,50,31,90,Taurus
745,0,1,7,30,745,20,19,55,65,Leo
746,1,1,7,24,746,34,55,12,49,Leo
747,1,1,1,14,747,39,89,39,99,Capricornus
748,0,1,6,12,748,51,34,7,98,Gemini
749,0,1,12,17,749,46,50,39,56,Sagittarius
750,0,1,3,1,750,93,26,70,22,Pisces
751,1,1,5,9,751,34,93,46,55,Taurus
752,0,1,9,19,752,77,43,54,26,Virgo
753,0,1,3,15,753,24,43,33,4,Pisces
754,1,1,8,2,754,88,69,38,74,Leo
755,1,1,5,13,755,22,69,9,78,Taurus
756,0,1,9,4,756,18,24,29,28,Virgo
757,1,1,7,6,757,46,67,25,82,Cancer
758,1,1,2,18,758,44,76,91,59,Pisces
759,0,1,3,18,759,6,44,69,58,Pisces
760,0,1,12,30,760,2,41,89,83,Capricornus
761,1,1,4,20,761,55,36,35,33,Taurus
762,1,1,9,8,762,87,8,38,74,Virgo
763,1,1,5,26,763,70,38,1,56,Taurus
764,1,1,4,12,764,52,9,54,31,Aries
765,1,1,1,14,765,69,57,4,35,Capricornus
766,0,1,6,4,766,32,63,97,43,Gemini
767,0,1,1,21,767,35,92,63,34,Aquarius
768,1,1,11,18,768,6,54,16,46,Ophiuchus
769,0,1,4,14,769,48,97,39,13,Aries
770,0,1,8,27,770,8,94,6,74,Virgo
771,0,1,5,12,771,28,51,97,90,Taurus
772,0,1,10,5,772,58,50,20,23,Virgo
773,1,1,9,29,773,30,28,2,29,Virgo
774,1,1,4,20,774,76,53,87,48,Taurus
775,1,1,7,4,775,61,16,79,11,Cancer
776,1,1,10,26,776,40,59,12,39,Libra
777,1,1,10,29,777,64,3,74,64,Scorpius
778,1,1,6,3,778,12,3,69,32,Gemini
779,1,1,4,26,779,82,58,22,100,Taurus
780,1,1,10,4,780,80,23,6,47,Virgo
781,0,1,10,1,781,38,58,80,14,Virgo
782,0,1,10,28,782,88,17,23,61,Scorpius
783,1,1,11,30,783,80,6,74,93,Sagittarius
784,1,1,2,8,784,88,10,50,86,Aquarius
785,0,1,8,3,785,24,11,81,44,Leo
786,1,1,2,7,786,17,3,74,98,Aquarius
787,0,1,10,23,787,4,8,97,66,Libra
788,0,1,1,12,788,28,44,47,14,Capricornus
789,0,1,9,19,789,94,93,35,81,Virgo
790,1,1,6,26,790,38,65,63,100,Cancer
791,1,1,6,1,791,45,11,98,31,Gemini
792,1,1,7,17,792,43,21,33,76,Leo
793,0,1,12,19,793,63,67,13,41,Sagittarius
794,1,1,2,2,794,88,38,65,10,Aquarius
795,0,1,2,12,795,7,7,97,58,Aquarius
796,1,1,1,9,796,3,88,99,29,Capricornus
797,1,1,1,1,797,23,9,80,27,Capricornus
798,0,1,7,23,798,58,57,76,56,Leo
799,1,1,9,16,799,59,18,22,86,Virgo
800,1,1,4,2,800,19,6,14,41,Aries
801,0,1,11,14,801,16,16,10,16,Ophiuchus
802,0,1,11,29,802,93,43,28,4,Sagittarius
803,1,1,11,5,803,71,20,50,78,Ophiuchus
804,0,1,8,11,804,39,18,46,1,Leo
805,1,1,11,25,805,49,68,26,71,Sagittarius
806,1,1,8,20,806,79,60,78,35,Leo
807,1,1,11,3,807,4,22,6,77,Scorpius
808,1,1,4,22,808,44,63,6,80,Taurus
809,0,1,4,13,809,25,59,68,9,Aries
810,0,1,2,11,810,52,18,14,33,Aquarius
811,1,1,4,6,811,87,75,90,11,Aries
812,0,1,10,21,812,66,31,4,68,Libra
813,0,1,12,28,813,39,79,29,75,Capricornus
814,0,1,3,25,814,7,18,94,57,Aries
815,0,1,6,20,815,1,63,53,12,Gemini
816,1,1,3,4,816,24,62,53,7,Pisces
817,1,1,9,26,817,23,75,91,98,Virgo
818,0,1,8,4,818,26,96,58,13,Leo
819,1,1,5,29,819,46,93,3,31,Gemini
820,1,1,8,14,820,48,28,41,6,Leo
821,0,1,9,21,821,40,89,87,55,Virgo
822,0,1,6,24,822,8,13,49,44,Gemini
823,1,1,3,9,823,19,79,63,14,Pisces
824,0,1,11,9,824,100,87,36,92,Ophiuchus
825,1,1,8,27,825,27,98,53,16,Virgo
826,1,1,8,19,826,36,37,64,19,Leo
827,1,1,5,13,827,34,85,96,85,Taurus
828,1,1,9,1,828,97,44,10,29,Virgo
829,0,1,3,22,829,71,24,17,59,Pisces
830,0,1,3,3,830,72,19,22,87,Pisces
831,0,1,7,1,831,36,11,93,89,Cancer
832,0,1,10,30,832,48,72,65,41,Scorpius
833,1,1,1,16,833,10,21,46,73,Capricornus
834,1,1,8,26,834,3,53,67,95,Virgo
835,0,1,7,4,835,51,10,38,19,Cancer
836,0,1,2,18,836,71,28,88,71,Pisces
837,1,1,4,14,837,100,74,54,90,Aries
838,1,1,2,14,838,93,65,87,69,Aquarius
839,1,1,2,26,839,1,32,30,60,Pisces
840,0,1,2,13,840,70,82,49,86,Aquarius
841,0,1,2,16,841,91,95,94,62,Pisces
842,1,1,6,8,842,9,33,73,59,Gemini
843,1,1,3,24,843,52,11,49,19,Aries
844,0,1,6,17,844,68,3,22,78,Gemini
845,0,1,1,3,845,72,86,87,47,Capricornus
846,1,1,1,16,846,73,49,58,19,Capricornus
847,0,1,3,30,847,10,35,75,25,Aries
848,1,1,4,9,848,1,54,57,25,Aries
849,1,1,1,1,849,52,71,55,55,Capricornus
850,0,1,4,13,850,95,99,21,13,Aries
851,0,1,11,2,851,69,5,96,56,Scorpius
852,1,1,3,24,852,20,84,30,28,Aries
853,1,1,2,8,853,3,58,55,34,Aquarius
854,0,1,7,29,854,22,54,34,15,Leo
855,0,1,5,6,855,35,96,15,33,Taurus
856,0,1,5,24,856,91,92,21,72,Taurus
857,1,1,10,20,857,2,92,11,45,Libra
858,0,1,5,29,858,62,61,74,53,Gemini
859,1,1,2,22,859,16,42,84,7,Pisces
860,1,1,12,11,860,83,34,76,81,Sagittarius
861,0,1,3,30,861,79,60,55,23,Aries
862,0,1,4,11,862,12,63,78,83,Aries
863,1,1,9,1,863,12,94,70,45,Virgo
864,1,1,3,20,864,55,56,46,19,Pisces
865,0,1,6,2,865,90,47,79,45,Gemini
866,1,1,3,8,866,93,25,36,77,Pisces
867,0,1,12,16,867,96,18,61,10,Sagittarius
868,1,1,3,13,868,57,23,44,26,Pisces
869,1,1,8,9,869,71,36,19,67,Leo
870,1,1,5,11,870,80,77,30,79,Taurus
871,0,1,12,31,871,45,94,56,70,Capricornus
872,0,1,10,17,872,84,94,31,95,Libra
873,0,1,11,30,873,94,22,30,68,Sagittarius
874,0,1,7,26,874,7,65,95,16,Leo
875,1,1,2,22,875,7,23,85,42,Pisces
876,1,1,4,28,876,68,74,12,5,Taurus
877,1,1,11,17,877,28,63,24,13,Ophiuchus
878,0,1,4,23,878,77,30,8,63,Taurus
879,1,1,12,6,879,55,53,89,62,Sagittarius
880,0,1,7,17,880,19,99,8,51,Leo
881,1,1,3,18,881,13,75,3,55,Pisces
882,1,1,3,10,882,21,37,37,53,Pisces
883,0,1,7,11,883,48,98,51,100,Cancer
884,0,1,8,19,884,28,72,68,39,Leo
885,0,1,12,24,885,52,74,54,42,Sagittarius
886,0,1,3,15,886,92,39,50,76,Pisces
887,1,1,6,7,887,74,11,88,41,Gemini
888,1,1,12,23,888,34,65,44,52,Sagittarius
889,0,1,4,22,889,45,14,49,6,Taurus
890,1,1,1,9,890,16,68,89,59,Capricornus
891,0,1,9,9,891,96,2,26,64,Virgo
892,0,1,1,10,892,62,73,90,7,Capricornus
893,1,1,6,25,893,30,89,61,85,Gemini
894,1,1,7,28,894,70,92,99,55,Leo
895,1,1,1,3,895,52,17,22,60,Capricornus
896,1,1,2,6,896,85,95,11,52,Aquarius
897,1,1,6,3,897,18,3,25,15,Gemini
898,0,1,9,8,898,93,64,92,80,Virgo
899,0,1,7,15,899,90,64,79,77,Cancer
900,0,1,9,28,900,58,59,32,50,Virgo
901,1,1,5,2,901,52,72,68,63,Taurus
902,0,1,5,5,902,37,76,71,42,Taurus
903,1,1,6,2,903,45,44,51,93,Gemini
904,0,1,1,30,904,69,65,77,64,Aquarius
905,0,1,5,2,905,88,2,10,69,Taurus
906,1,1,3,12,906,38,94,26,15,Pisces
907,0,1,11,11,907,35,55,29,85,Ophiuchus
908,1,1,1,9,908,26,16,26,58,Capricornus
909,0,1,11,5,909,2,28,85,65,Ophiuchus
910,1,1,3,27,910,61,79,18,81,Aries
911,0,1,6,5,911,6,58,42,98,Gemini
912,1,1,7,30,912,57,87,45,95,Leo
913,1,1,4,8,913,20,9,86,47,Aries
914,1,1,10,5,914,73,4,89,74,Virgo
915,1,1,1,3,915,3,21,5,7,Capricornus
916,0,1,11,7,916,34,64,24,86,Ophiuchus
917,0,1,3,24,917,40,68,38,62,Aries
918,0,1,8,7,918,47,17,27,76,Leo
919,0,1,12,30,919,58,95,27,82,Capricornus
920,1,1,11,29,920,97,8,21,78,Sagittarius
921,1,1,5,14,921,4,96,46,10,Taurus
922,1,1,11,27,922,82,97,37,87,Sagittarius
923,0,1,6,27,923,81,68,1,78,Cancer
924,1,1,2,9,924,96,7,33,38,Aquarius
925,1,1,2,17,925,68,80,22,74,Pisces
926,0,1,10,15,926,100,33,39,37,Libra
927,1,1,3,19,927,100,38,44,42,Pisces
928,0,1,10,19,928,76,76,91,2,Libra
929,1,1,5,20,929,76,8,94,91,Taurus
930,1,1,4,13,930,15,1,84,27,Aries
931,1,1,10,29,931,66,93,93,25,Scorpius
932,0,1,5,21,932,74,99,94,37,Taurus
933,0,1,10,4,933,97,34,87,5,Virgo
934,1,1,5,27,934,31,57,52,37,Gemini
935,1,1,2,5,935,83,53,72,55,Aquarius
936,0,1,7,27,936,32,19,71,70,Leo
937,0,1,8,1,937,22,13,84,94,Leo
938,0,1,7,25,938,57,92,14,17,Leo
939,0,1,4,23,939,92,19,34,18,Taurus
940,1,1,4,12,940,40,97,86,76,Aries
941,1,1,6,28,941,39,3,77,94,Cancer
942,0,1,10,17,942,62,22,61,78,Libra
943,0,1,9,21,943,21,11,94,52,Virgo
944,0,1,6,12,944,39,64,69,12,Gemini
945,1,1,2,12,945,49,84,83,68,Aquarius
946,0,1,5,3,946,50,88,6,52,Taurus
947,1,1,6,20,947,23,79,27,45,Gemini
948,1,1,4,15,948,94,15,69,23,Aries
949,1,1,1,16,949,6,11,69,11,Capricornus
950,1,1,1,1,950,48,3,44,36,Capricornus
951,0,1,12,19,951,12,78,32,22,Sagittarius
952,1,1,6,8,952,23,44,95,85,Gemini
953,0,1,1,8,953,95,17,70,85,Capricornus
954,1,1,6,7,954,17,35,29,48,Gemini
955,1,1,7,16,955,86,48,32,79,Leo
956,1,1,9,15,956,42,85,88,78,Virgo
957,0,1,4,15,957,52,83,2,3,Aries
958,0,1,7,29,958,43,28,51,41,Leo
959,1,1,8,21,959,99,44,39,25,Leo
960,0,1,7,4,960,52,82,10,26,Cancer
961,1,1,6,6,961,77,26,82,4,Gemini
962,1,1,6,24,962,7,86,84,47,Gemini
963,0,1,12,2,963,77,37,37,60,Sagittarius
964,1,1,2,5,964,98,49,35,31,Aquarius
965,0,1,3,10,965,34,14,11,53,Pisces
966,1,1,11,20,966,23,3,21,80,Ophiuchus
967,1,1,9,10,967,84,49,96,29,Virgo
968,1,1,1,17,968,5,79,60,22,Capricornus
969,0,1,9,8,969,65,30,35,33,Virgo
970,1,1,12,6,970,24,55,47,36,Sagittarius
971,0,1,7,27,971,92,77,1,50,Leo
972,0,1,3,15,972,50,51,59,92,Pisces
973,1,1,7,13,973,77,31,83,1,Cancer
974,0,1,9,11,974,36,79,27,67,Virgo
975,0,1,7,22,975,98,1,31,93,Leo
976,1,1,4,25,976,99,6,26,54,Taurus
977,0,1,6,26,977,80,91,78,44,Cancer
978,1,1,5,3,978,73,19,56,11,Taurus
979,1,1,1,10,979,40,64,15,95,Capricornus
980,1,1,2,18,980,60,79,98,18,Pisces
981,1,1,5,20,981,24,73,87,36,Taurus
982,1,1,12,14,982,25,28,100,74,Sagittarius
983,0,1,10,25,983,34,83,86,100,Libra
984,0,1,9,18,984,88,15,91,71,Virgo
985,1,1,2,16,985,81,81,24,47,Pisces
986,0,1,6,21,986,11,84,68,11,Gemini
987,0,1,3,12,987,85,52,49,68,Pisces
988,1,1,1,1,988,73,63,40,27,Capricornus
989,1,1,2,16,989,28,69,90,88,Pisces
990,1,1,11,3,990,75,26,64,17,Scorpius
991,1,1,9,19,991,77,9,79,15,Virgo
992,0,1,9,21,992,93,48,11,40,Virgo
993,0,1,7,10,993,10,46,2,36,Cancer
994,1,1,4,21,994,7,18,49,2,Taurus
995,1,1,1,9,995,15,40,76,26,Capricornus
996,1,1,11,15,996,66,34,32,70,Ophiuchus
997,0,1,4,2,997,1,27,26,93,Aries
998,1,1,5,17,998,56,52,10,47,Taurus
999,0,1,8,19,999,68,31,81,38,Leo
